City_ID,City,Country,Date,Lat,Lng,Max Temp,Humidity,Cloudiness,Wind Speed
0,Busselton,AU,2023-02-19 08:26:39,-33.65,115.3333,85.78,38,1,17.38
1,Tashara,RU,2023-02-19 08:26:39,55.5195,83.5094,17.8,83,97,10.89
2,Castro,BR,2023-02-19 08:26:40,-24.7911,-50.0119,54.05,96,100,7.56
3,Portland,US,2023-02-19 08:24:38,45.5234,-122.6762,45.18,88,40,4.61
4,Tiksi,RU,2023-02-19 08:26:40,71.6872,128.8694,-25.71,98,63,7.74
5,Hofn,IS,2023-02-19 08:26:41,64.2539,-15.2082,36.41,98,100,4.54
6,Barsovo,RU,2023-02-19 08:26:41,61.1667,73.1667,10.53,90,100,3.91
7,Iquitos,PE,2023-02-19 08:26:42,-3.7481,-73.2472,77.04,94,75,1.14
8,Mataura,NZ,2023-02-19 08:26:42,-46.1927,168.8643,59.49,95,100,1.34
9,Punta Arenas,CL,2023-02-19 08:24:24,-53.15,-70.9167,39.31,87,0,3.44
10,Lebu,CL,2023-02-19 08:26:43,-37.6167,-73.65,55.45,93,34,12.8
11,Poum,NC,2023-02-19 08:26:43,-20.2333,164.0167,80.55,65,20,11.43
12,Cloquet,US,2023-02-19 08:26:44,46.7216,-92.4594,24.98,86,0,0.0
13,Ushuaia,AR,2023-02-19 08:26:44,-54.8,-68.3,42.46,75,0,17.27
14,Touros,BR,2023-02-19 08:22:19,-5.1989,-35.4608,78.26,78,93,8.57
15,Port Alfred,ZA,2023-02-19 08:26:45,-33.5906,26.891,76.17,83,42,3.0
16,Valenca Do Piaui,BR,2023-02-19 08:26:45,-6.4075,-41.7456,67.28,96,98,3.2
17,Tuktoyaktuk,CA,2023-02-19 08:26:46,69.4541,-133.0374,-17.93,88,100,9.93
18,Barrow,US,2023-02-19 08:26:46,71.2906,-156.7887,-7.58,71,100,3.44
19,Leningradskiy,RU,2023-02-19 08:26:47,69.3833,178.4167,-34.56,99,82,4.23
20,West Bay,KY,2023-02-19 08:26:47,19.3667,-81.4167,79.0,81,0,5.01
21,Carnarvon,AU,2023-02-19 08:26:48,-24.8667,113.6333,80.53,70,0,20.89
22,Ostrovnoy,RU,2023-02-19 08:17:11,68.0531,39.5131,20.12,88,100,20.85
23,Batavia,US,2023-02-19 08:26:48,41.85,-88.3126,40.26,72,0,14.97
24,Nikolskoye,RU,2023-02-19 08:26:49,59.7035,30.7861,22.91,91,100,10.2
25,Rikitea,PF,2023-02-19 08:22:25,-23.1203,-134.9692,79.48,76,83,15.88
26,Shingu,JP,2023-02-19 08:26:49,33.7333,135.9833,57.16,75,100,9.01
27,Longyearbyen,SJ,2023-02-19 08:26:50,78.2186,15.6401,10.24,67,40,14.97
28,Maniitsoq,GL,2023-02-19 08:26:50,65.4167,-52.9,16.34,94,100,15.55
29,Thompson,CA,2023-02-19 08:26:51,55.7435,-97.8558,-30.84,75,0,3.44
30,Atuona,PF,2023-02-19 08:24:55,-9.8,-139.0333,79.09,79,29,16.42
31,Tessalit,ML,2023-02-19 08:26:51,20.1986,1.0114,66.15,14,0,18.28
32,Albany,US,2023-02-19 08:26:52,42.6001,-73.9662,30.81,68,96,1.99
33,Georgetown,MY,2023-02-19 08:26:52,5.4112,100.3354,89.55,61,20,9.22
34,Hervey Bay,AU,2023-02-19 08:26:53,-25.2986,152.8535,78.03,75,100,5.01
35,Khatanga,RU,2023-02-19 08:26:53,71.9667,102.5,4.75,92,100,14.2
36,Cabinda,AO,2023-02-19 08:26:54,-5.55,12.2,80.51,84,100,7.54
37,Porto Novo,BJ,2023-02-19 08:26:54,6.4965,2.6036,78.62,41,36,2.8
38,Hermanus,ZA,2023-02-19 08:26:55,-34.4187,19.2345,74.8,71,59,2.64
39,Tuatapere,NZ,2023-02-19 08:26:55,-46.1333,167.6833,58.1,81,100,2.93
40,Bakaly,RU,2023-02-19 08:26:56,55.1789,53.8028,7.92,90,79,6.22
41,Port Moresby,PG,2023-02-19 08:26:56,-9.4431,147.1797,85.42,74,40,17.27
42,Torbay,CA,2023-02-19 08:26:57,47.6666,-52.7314,16.57,89,75,9.22
43,Hamilton,US,2023-02-19 08:26:57,39.1834,-84.5333,41.76,57,0,5.75
44,Hobart,AU,2023-02-19 08:27:57,-42.8794,147.3294,76.05,45,0,12.66
45,Ponta Do Sol,PT,2023-02-19 08:27:58,32.6667,-17.1,63.23,53,18,5.37
46,Broken Hill,AU,2023-02-19 08:27:58,-31.95,141.4333,90.82,13,0,10.76
47,Tasiilaq,GL,2023-02-19 08:27:59,65.6145,-37.6368,21.36,92,100,19.08
48,Oranjemund,NA,2023-02-19 08:28:00,-28.55,16.4333,68.25,70,91,4.47
49,Aklavik,CA,2023-02-19 08:28:00,68.2191,-135.0107,-9.29,98,100,5.23
50,Butaritari,KI,2023-02-19 08:28:01,3.0707,172.7902,81.07,71,81,3.09
51,Avarua,CK,2023-02-19 08:28:01,-21.2078,-159.775,77.05,94,75,11.5
52,Kaitong,CN,2023-02-19 08:28:02,44.8135,123.15,25.52,37,100,12.28
53,Antofagasta,CL,2023-02-19 08:23:09,-23.65,-70.4,69.08,80,0,2.04
54,Komsomolskiy,UZ,2023-02-19 08:28:03,40.4272,71.7189,47.12,81,40,2.3
55,Rawson,AR,2023-02-19 08:28:04,-43.3002,-65.1023,65.43,38,26,18.95
56,Coihaique,CL,2023-02-19 08:28:05,-45.5752,-72.0662,48.15,49,0,4.61
57,Cape Town,ZA,2023-02-19 08:23:47,-33.9258,18.4232,74.12,65,0,14.97
58,Bredasdorp,ZA,2023-02-19 08:28:05,-34.5322,20.0403,72.7,60,52,2.77
59,Bluff,NZ,2023-02-19 08:28:06,-46.6,168.3333,59.81,66,88,4.94
60,Kapaa,US,2023-02-19 08:28:07,22.0752,-159.319,71.92,93,75,4.61
61,Tanout,NE,2023-02-19 08:28:07,14.9709,8.8879,63.48,15,0,21.85
62,Brae,GB,2023-02-19 08:28:08,60.3964,-1.353,43.54,75,100,13.98
63,Ulaanbaatar,MN,2023-02-19 08:24:28,47.9077,106.8832,19.53,63,0,15.66
64,Takoradi,GH,2023-02-19 08:28:09,4.8845,-1.7554,78.75,76,36,1.45
65,Nanton,CA,2023-02-19 08:28:10,50.3501,-113.7687,24.53,77,17,4.36
66,Yellowknife,CA,2023-02-19 08:28:10,62.456,-114.3525,-31.45,68,0,3.44
67,Gamba,GA,2023-02-19 08:28:11,-2.65,10.0,80.47,85,100,1.19
68,Nantucket,US,2023-02-19 08:28:12,41.2835,-70.0995,37.54,75,0,3.44
69,Puerto Ayora,EC,2023-02-19 08:28:12,-0.7393,-90.3518,79.56,96,64,7.0
70,Tabas,IR,2023-02-19 08:28:13,33.5959,56.9244,59.22,38,0,2.3
71,Hyderabad,IN,2023-02-19 08:28:14,17.3753,78.4744,88.21,29,20,11.5
72,Kruisfontein,ZA,2023-02-19 08:28:14,-34.0033,24.7314,75.34,57,25,4.54
73,Salalah,OM,2023-02-19 08:28:15,17.0151,54.0924,86.09,26,0,20.71
74,Sungaipenuh,ID,2023-02-19 08:28:16,-2.0833,101.3833,73.27,82,100,3.29
75,Haines Junction,CA,2023-02-19 08:28:16,60.7522,-137.5108,3.15,85,100,1.14
76,Sakakah,SA,2023-02-19 08:24:46,29.9697,40.2064,62.17,22,1,6.58
77,Ancud,CL,2023-02-19 08:28:18,-41.8697,-73.8203,54.57,92,99,2.8
78,Mana,GF,2023-02-19 08:28:18,5.6592,-53.7767,75.49,86,100,11.05
79,Cidreira,BR,2023-02-19 08:28:19,-30.1811,-50.2056,63.43,59,1,4.72
80,Masyaf,SY,2023-02-19 08:28:20,35.0653,36.3406,53.29,51,0,1.68
81,Ilulissat,GL,2023-02-19 08:28:20,69.2167,-51.1,23.02,63,75,31.07
82,Hilo,US,2023-02-19 08:24:52,19.7297,-155.09,68.25,100,100,1.01
83,Changqing,CN,2023-02-19 08:28:21,36.5575,116.7272,51.37,18,0,9.28
84,Erice,IT,2023-02-19 08:29:22,38.037,12.5865,47.37,87,0,3.44
85,Qaanaaq,GL,2023-02-19 08:29:22,77.484,-69.3632,-3.1,60,91,9.17
86,Airai,TL,2023-02-19 08:29:22,-8.9266,125.4092,67.48,83,96,1.66
87,Hovd,MN,2023-02-19 08:29:23,48.0056,91.6419,11.93,68,53,3.31
88,Padang,ID,2023-02-19 08:26:50,-0.9492,100.3543,82.45,80,100,5.39
89,Korla,CN,2023-02-19 08:29:23,41.7597,86.1469,37.35,63,95,3.47
90,Praia,CV,2023-02-19 08:28:45,14.9215,-23.5087,70.34,64,75,14.97
91,Maragogi,BR,2023-02-19 08:29:24,-9.0122,-35.2225,77.2,84,97,5.21
92,Hualmay,PE,2023-02-19 08:29:24,-11.0964,-77.6139,74.21,81,97,7.38
93,Saint-Joseph,RE,2023-02-19 08:29:25,-21.3667,55.6167,86.38,73,24,11.25
94,Pevek,RU,2023-02-19 08:29:25,69.7008,170.3133,-26.16,91,100,2.1
95,Saint-Philippe,RE,2023-02-19 08:29:25,-21.3585,55.7679,87.39,76,37,12.12
96,Lasa,IT,2023-02-19 08:29:26,46.6166,10.7002,47.28,63,89,7.2
97,Cherskiy,RU,2023-02-19 08:29:26,68.75,161.3,-29.81,94,100,3.74
98,Santa Rosalia,MX,2023-02-19 08:29:27,27.3167,-112.2833,59.63,59,100,4.09
99,Arraial Do Cabo,BR,2023-02-19 08:25:51,-22.9661,-42.0278,75.34,92,97,14.27
100,Ganzhou,CN,2023-02-19 08:29:27,28.8184,115.4327,61.65,51,100,9.37
101,Victoria,HK,2023-02-19 08:27:59,22.2855,114.1577,79.32,63,95,4.0
102,Mount Gambier,AU,2023-02-19 08:29:28,-37.8333,140.7667,70.63,48,0,7.38
103,Flinders,AU,2023-02-19 08:29:28,-34.5833,150.8552,79.18,74,2,3.0
104,Aleksandrovskiy Zavod,RU,2023-02-19 08:29:29,50.9237,117.9374,8.28,80,100,9.55
105,Katiola,CI,2023-02-19 08:29:29,8.1333,-5.1,75.83,22,50,1.9
106,Simbahan,PH,2023-02-19 08:29:29,6.3032,120.5836,80.78,80,72,15.57
107,Kamaishi,JP,2023-02-19 08:29:30,39.2667,141.8833,38.91,97,100,4.74
108,Cabo San Lucas,MX,2023-02-19 08:29:30,22.8909,-109.9124,66.51,76,92,7.87
109,New Norfolk,AU,2023-02-19 08:29:31,-42.7826,147.0587,75.7,37,100,8.01
110,Jamestown,US,2023-02-19 08:29:31,42.097,-79.2353,35.19,65,0,6.91
111,Tambura,SS,2023-02-19 08:29:32,5.6,27.4667,86.41,14,95,10.16
112,Upernavik,GL,2023-02-19 08:29:32,72.7868,-56.1549,-5.26,88,58,6.96
113,Miyako,JP,2023-02-19 08:29:33,39.6367,141.9525,37.09,98,100,3.58
114,Codrington,AU,2023-02-19 08:29:33,-38.2667,141.9667,68.45,58,0,12.46
115,Vaini,TO,2023-02-19 08:29:33,-21.2,-175.2,78.96,94,75,1.14
116,Sovetskiy,RU,2023-02-19 08:29:34,61.3614,63.5842,10.51,90,100,2.91
117,Port Elizabeth,ZA,2023-02-19 08:29:34,-33.918,25.5701,73.69,73,75,6.91
118,Malampaka,TZ,2023-02-19 08:29:35,-3.1333,33.5333,82.85,33,90,8.88
119,Fortuna,US,2023-02-19 08:29:35,40.5982,-124.1573,44.92,95,100,3.0
120,Beeville,US,2023-02-19 08:29:36,28.4008,-97.7483,48.29,93,0,3.44
121,Yingkou,CN,2023-02-19 08:29:36,40.6648,122.2283,35.89,39,9,11.34
122,Mahebourg,MU,2023-02-19 08:29:37,-20.4081,57.7,86.25,70,75,11.5
123,Nanortalik,GL,2023-02-19 08:29:37,60.1432,-45.2371,22.86,84,100,20.96
124,Kodiak,US,2023-02-19 08:29:37,57.79,-152.4072,38.71,60,0,18.41
125,Lorengau,PG,2023-02-19 08:29:38,-2.0226,147.2712,82.09,73,100,2.55
126,Bethel,US,2023-02-19 08:26:47,41.3712,-73.414,35.94,64,0,0.0
127,Kedrovyy,RU,2023-02-19 08:29:38,56.1667,91.8167,27.01,83,92,4.45
128,Aborlan,PH,2023-02-19 08:29:39,9.4352,118.5492,87.87,69,77,5.32
129,Khash,IR,2023-02-19 08:29:39,28.2211,61.2158,70.11,27,99,20.18
130,Ribeira Grande,PT,2023-02-19 08:29:40,38.5167,-28.7,56.77,88,40,5.75
131,Tutoia,BR,2023-02-19 08:29:40,-2.7619,-42.2744,76.32,85,100,8.5
132,Muros,ES,2023-02-19 08:29:40,42.7762,-9.0603,48.83,75,55,8.12
133,Esperance,AU,2023-02-19 08:30:41,-33.8667,121.9,70.75,79,0,18.81
134,Adrar,MR,2023-02-19 08:30:41,20.5022,-10.0711,76.44,13,69,7.54
135,Samarai,PG,2023-02-19 08:30:42,-10.6167,150.6667,82.72,73,90,9.01
136,Norman Wells,CA,2023-02-19 08:30:43,65.282,-126.8329,-9.36,77,75,5.75
137,Kuminskiy,RU,2023-02-19 08:30:43,58.6667,66.5667,14.31,86,100,3.76
138,Tateyama,JP,2023-02-19 08:30:44,34.9833,139.8667,63.1,68,97,26.64
139,Comodoro Rivadavia,AR,2023-02-19 08:25:49,-45.8667,-67.5,58.86,44,0,9.22
140,Kota Kinabalu,MY,2023-02-19 08:30:45,5.9749,116.0724,84.18,79,20,7.0
141,Bayji,IQ,2023-02-19 08:27:11,34.9311,43.487,53.4,31,0,3.87
142,Beringovskiy,RU,2023-02-19 08:30:45,63.05,179.3167,-7.04,98,100,12.35
143,Paamiut,GL,2023-02-19 08:30:46,61.994,-49.6678,17.55,89,100,11.3
144,Mananjary,MG,2023-02-19 08:30:46,-21.2167,48.3333,85.53,59,90,9.01
145,Zhangjiakou,CN,2023-02-19 08:30:47,40.81,114.8794,30.09,58,0,12.12
146,Lompoc,US,2023-02-19 08:30:47,34.6391,-120.4579,45.01,69,0,11.5
147,Gushikawa,JP,2023-02-19 08:30:48,26.3544,127.8686,71.19,64,20,9.22
148,Camacha,PT,2023-02-19 08:30:48,33.0833,-16.3333,58.42,82,40,12.66
149,Amarante,BR,2023-02-19 08:30:49,-6.2411,-42.8547,69.78,99,62,3.91
150,Chuy,UY,2023-02-19 08:30:50,-33.6971,-53.4616,52.03,70,3,3.8
151,Salvador,SV,2023-02-19 08:30:50,13.8333,-88.9167,70.2,85,7,3.62
152,Olafsvik,IS,2023-02-19 08:30:51,64.8945,-23.7142,34.39,97,100,16.71
153,Havre-Saint-Pierre,CA,2023-02-19 08:30:51,50.2334,-63.5986,17.6,77,20,4.61
154,San Cristobal,VE,2023-02-19 08:28:21,7.7669,-72.225,60.44,83,35,1.3
155,San Ignacio,BZ,2023-02-19 08:30:52,17.1561,-89.0714,69.94,94,0,0.0
156,Onega,RU,2023-02-19 08:30:52,63.9061,38.1404,15.22,89,44,11.39
157,Sao Filipe,CV,2023-02-19 08:30:53,14.8961,-24.4956,71.13,70,98,7.05
158,Banda Aceh,ID,2023-02-19 08:30:53,5.5577,95.3222,85.05,67,72,15.93
159,Nelson Bay,AU,2023-02-19 08:30:54,-32.7167,152.15,80.1,84,0,8.01
160,Sitka,US,2023-02-19 08:30:54,57.0531,-135.33,39.09,81,100,9.22
161,Kristiansund,NO,2023-02-19 08:30:55,63.1115,7.732,32.05,86,75,12.66
162,Saint-Augustin,CA,2023-02-19 08:30:55,51.226,-58.6502,2.41,95,44,6.6
163,Geraldton,AU,2023-02-19 08:30:56,-28.7667,114.6,82.81,57,0,20.71
164,Lucea,JM,2023-02-19 08:30:56,18.451,-78.1736,76.86,74,2,18.54
165,Havoysund,NO,2023-02-19 08:30:57,70.9963,24.6622,34.03,97,100,3.44
166,Sao Joao Da Barra,BR,2023-02-19 08:30:57,-21.6403,-41.0511,75.09,91,96,11.88
167,Souillac,MU,2023-02-19 08:30:58,-20.5167,57.5167,84.58,70,75,11.5
168,Pisco,PE,2023-02-19 08:30:58,-13.7,-76.2167,73.45,88,94,5.75
169,Richards Bay,ZA,2023-02-19 08:30:59,-28.783,32.0377,83.35,67,19,0.81
170,Khoy,IR,2023-02-19 08:30:59,38.5504,44.9535,39.72,33,40,4.61
171,Buta,CD,2023-02-19 08:30:59,2.7858,24.73,95.83,15,53,5.17
172,Neokhorion,GR,2023-02-19 08:31:01,41.1833,23.25,61.68,38,14,2.44
173,Dikson,RU,2023-02-19 08:31:01,73.5069,80.5464,9.54,94,100,19.71
174,Hauterive,FR,2023-02-19 08:31:02,46.0901,3.4459,43.56,76,100,2.98
175,Bilma,NE,2023-02-19 08:31:03,18.6853,12.9164,66.43,17,2,6.46
176,Sumter,US,2023-02-19 08:31:04,28.7086,-82.0831,58.08,81,21,5.99
177,Vikhorevka,RU,2023-02-19 08:31:04,56.1201,101.1636,11.79,89,71,4.36
178,Karratha,AU,2023-02-19 08:31:05,-20.7377,116.8463,92.14,47,10,14.81
179,Suntar,RU,2023-02-19 08:31:07,62.1444,117.6319,-6.32,93,94,5.48
180,Mar Del Plata,AR,2023-02-19 08:29:49,-38.0023,-57.5575,52.88,83,0,6.91
181,Riyadh,SA,2023-02-19 08:31:08,24.6877,46.7219,57.34,16,81,7.7
182,Naze,JP,2023-02-19 08:32:09,28.3667,129.4833,63.52,80,100,18.37
183,Paralimni,CY,2023-02-19 08:32:09,35.0375,33.9833,61.68,62,0,5.99
184,Seoul,KR,2023-02-19 08:30:09,37.5683,126.9778,43.99,24,0,16.11
185,Hobyo,SO,2023-02-19 08:32:11,5.3505,48.5268,81.82,57,81,22.75
186,Taltal,CL,2023-02-19 08:30:25,-25.4,-70.4833,70.14,86,35,0.98
187,Kirksville,US,2023-02-19 08:29:57,40.1948,-92.5833,42.75,51,100,14.97
188,General Roca,AR,2023-02-19 08:32:12,-39.0333,-67.5833,61.63,14,34,8.9
189,Mackay,AU,2023-02-19 08:32:13,-21.15,149.2,78.62,72,70,11.39
190,Satara,IN,2023-02-19 08:32:13,17.6833,73.9833,90.27,11,0,12.21
191,Yeppoon,AU,2023-02-19 08:32:14,-23.1333,150.7333,80.38,73,100,16.24
192,Sinegorye,RU,2023-02-19 08:32:14,62.0788,150.477,-28.61,100,94,1.81
193,Saint-Pierre,RE,2023-02-19 08:32:16,-21.3393,55.4781,87.48,66,20,25.32
194,East London,ZA,2023-02-19 08:28:18,-33.0153,27.9116,76.14,78,40,9.22
195,Los Llanos De Aridane,ES,2023-02-19 08:32:17,28.6585,-17.9182,56.95,72,40,4.61
196,Coquimbo,CL,2023-02-19 08:31:57,-29.9533,-71.3436,62.33,77,0,4.61
197,Bonavista,CA,2023-02-19 08:32:18,48.6499,-53.1147,14.02,79,98,12.35
198,Saint George,US,2023-02-19 08:32:19,37.1041,-113.5841,37.99,65,0,5.75
199,Kokomo,US,2023-02-19 08:30:00,40.4864,-86.1336,40.01,61,100,13.8
200,San Jose,US,2023-02-19 08:30:14,37.3394,-121.895,52.0,59,0,1.99
201,Bambous Virieux,MU,2023-02-19 08:32:20,-20.3428,57.7575,86.22,70,75,11.5
202,Garoua Boulai,CM,2023-02-19 08:32:21,5.8833,14.55,86.32,12,41,11.18
203,Gambo,CF,2023-02-19 08:30:56,4.6482,22.2633,95.31,13,99,5.91
204,Provideniya,RU,2023-02-19 08:32:23,64.3833,-173.3,-8.81,91,92,9.95
205,French Harbor,HN,2023-02-19 08:32:24,16.35,-86.4333,78.87,74,6,13.94
206,Talnakh,RU,2023-02-19 08:32:24,69.4865,88.3972,11.21,96,95,8.37
207,Husavik,IS,2023-02-19 08:32:25,66.0449,-17.3389,32.95,79,100,17.92
208,Kulhudhuffushi,MV,2023-02-19 08:32:25,6.6221,73.07,80.83,62,100,8.05
209,Bengkulu,ID,2023-02-19 08:32:26,-3.8004,102.2655,83.55,69,100,5.79
210,Abu Kamal,SY,2023-02-19 08:32:27,34.4506,40.9171,58.3,27,0,3.09
211,Bollnas,SE,2023-02-19 08:32:28,61.3482,16.3946,30.38,68,2,14.09
212,Isangel,VU,2023-02-19 08:32:28,-19.55,169.2667,77.68,75,2,10.89
213,Ternate,ID,2023-02-19 08:32:28,0.8,127.4,81.16,78,100,2.66
214,Tilichiki,RU,2023-02-19 08:32:29,60.4667,166.1,-6.18,91,97,7.76
215,Fairbanks,US,2023-02-19 08:27:40,64.8378,-147.7164,-2.9,82,100,0.0
216,Wasilla,US,2023-02-19 08:32:30,61.5814,-149.4394,27.95,92,100,0.0
217,Port Macquarie,AU,2023-02-19 08:32:03,-31.4333,152.9167,75.88,71,90,12.21
218,Zhezkazgan,KZ,2023-02-19 08:32:31,47.8043,67.7144,4.98,78,40,6.71
219,Mandera,KE,2023-02-19 08:32:31,3.9366,41.867,92.91,16,69,19.19
220,Mauganj,IN,2023-02-19 08:32:32,24.6833,81.8833,87.48,17,0,7.52
221,Hailar,CN,2023-02-19 08:32:32,49.2,119.7,-4.22,99,70,5.14
222,Solnechnyy,RU,2023-02-19 08:32:33,50.7214,136.6319,-0.13,98,92,3.15
223,Hushitai,CN,2023-02-19 08:32:33,41.9322,123.5114,33.71,22,78,14.09
224,Aquiraz,BR,2023-02-19 08:32:34,-3.9014,-38.3911,81.18,86,100,6.96
225,Susanville,US,2023-02-19 08:30:16,40.4163,-120.653,28.24,81,0,3.44
226,Gat,IL,2023-02-19 08:32:35,31.61,34.7642,67.41,30,0,2.93
227,Kahului,US,2023-02-19 08:32:35,20.8947,-156.47,74.84,88,0,5.01
228,Foki,RU,2023-02-19 08:33:36,56.693,54.3499,11.75,85,93,7.54
229,Sinnamary,GF,2023-02-19 08:33:36,5.3833,-52.95,75.97,86,100,11.5
230,Vodnyy,RU,2023-02-19 08:33:37,63.5046,53.4095,14.09,92,90,3.76
231,Avera,US,2023-02-19 08:33:37,33.194,-82.5271,36.37,71,88,3.78
232,Atherton,GB,2023-02-19 08:33:38,53.5237,-2.4935,44.74,89,41,5.44
233,Chokurdakh,RU,2023-02-19 08:33:38,70.6333,147.9167,-48.64,100,75,1.36
234,Bagdarin,RU,2023-02-19 08:33:39,54.4333,113.6,4.91,69,6,6.51
235,Jalu,LY,2023-02-19 08:33:39,29.0331,21.5482,59.58,43,0,5.59
236,Birjand,IR,2023-02-19 08:33:39,32.8663,59.2211,55.87,26,20,4.61
237,Kavieng,PG,2023-02-19 08:33:40,-2.5744,150.7967,83.1,71,94,2.75
238,Nouadhibou,MR,2023-02-19 08:33:40,20.931,-17.0347,62.58,72,93,18.41
239,Kikinda,RS,2023-02-19 08:33:41,45.8297,20.4653,52.36,66,97,9.13
240,Pangody,RU,2023-02-19 08:32:28,65.85,74.4859,3.87,93,27,6.24
241,Neiafu,TO,2023-02-19 08:33:42,-18.65,-173.9833,81.99,76,68,5.48
242,Puerto Carreno,CO,2023-02-19 08:29:19,6.189,-67.4859,75.54,55,56,11.77
243,San Quintin,MX,2023-02-19 08:33:42,30.4833,-115.95,54.59,73,0,4.41
244,Bursa,TR,2023-02-19 08:33:43,40.1667,29.0833,48.24,43,12,3.87
245,Belousovka,KZ,2023-02-19 08:33:43,50.1339,82.5239,29.25,69,100,6.71
246,Boyolangu,ID,2023-02-19 08:33:43,-8.1181,111.8935,82.85,76,27,11.1
247,Kungurtug,RU,2023-02-19 08:33:44,50.5994,97.5228,19.2,82,78,1.07
248,Caravelas,BR,2023-02-19 08:33:44,-17.7125,-39.2481,74.39,92,91,0.27
249,Goma,CD,2023-02-19 08:33:45,-1.6792,29.2228,76.75,45,36,3.29
250,Tonosho,JP,2023-02-19 08:33:45,34.4833,134.1833,55.2,66,37,18.68
251,Havelock,US,2023-02-19 08:31:56,34.8791,-76.9013,44.92,100,0,0.0
252,Broome,US,2023-02-19 08:33:46,42.2506,-75.833,32.67,65,0,8.05
253,Vanavara,RU,2023-02-19 08:33:46,60.34,102.2797,11.14,90,96,8.14
254,Palasa,IN,2023-02-19 08:33:47,18.7667,84.4167,84.11,55,16,13.15
255,Jiupu,CN,2023-02-19 08:33:48,41.0667,122.95,33.31,24,4,16.55
256,Tapes,BR,2023-02-19 08:30:51,-30.6733,-51.3958,60.24,62,0,3.44
257,Saldanha,ZA,2023-02-19 08:32:56,-33.0117,17.9442,71.65,80,14,12.35
258,Tecoanapa,MX,2023-02-19 08:33:48,16.5167,-98.75,73.83,75,46,2.91
259,Kaitangata,NZ,2023-02-19 08:33:49,-46.2817,169.8464,57.97,80,100,2.57
260,Barra Patuca,HN,2023-02-19 08:33:49,15.8,-84.2833,74.95,87,9,10.25
261,Port Hardy,CA,2023-02-19 08:33:50,50.6996,-127.4199,39.38,100,100,3.44
262,Liepaja,LV,2023-02-19 08:33:51,56.5419,21.0367,35.58,64,40,14.97
263,Belmonte,BR,2023-02-19 08:33:51,-15.8631,-38.8828,76.01,85,100,3.06
264,The Valley,AI,2023-02-19 08:29:30,18.217,-63.0578,76.1,66,7,20.94
265,Saskylakh,RU,2023-02-19 08:33:52,71.9167,114.0833,7.36,96,100,7.25
266,Asyut,EG,2023-02-19 08:33:52,27.181,31.1837,55.58,35,25,10.31
267,Santiago,CL,2023-02-19 08:32:56,-33.4569,-70.6483,69.26,56,0,0.0
268,Macomb,US,2023-02-19 08:33:09,40.4592,-90.6718,44.67,54,100,10.36
269,Bahia Honda,CU,2023-02-19 08:34:53,22.9036,-83.1592,71.22,91,24,7.0
270,Vilyuysk,RU,2023-02-19 08:33:20,63.7553,121.6247,-26.99,100,47,3.83
271,Islamkot,PK,2023-02-19 08:34:54,24.6997,70.177,97.59,7,11,13.33
272,Nurota,UZ,2023-02-19 08:34:54,40.5614,65.6886,50.52,47,100,2.28
273,Yulara,AU,2023-02-19 08:34:55,-25.2406,130.9889,95.56,22,31,25.88
274,Asau,RO,2023-02-19 08:34:55,46.4333,26.4,47.32,77,97,8.46
275,Cockburn Town,TC,2023-02-19 08:34:55,21.4612,-71.1419,77.22,65,35,21.09
276,Vestmannaeyjar,IS,2023-02-19 08:34:56,63.4427,-20.2734,40.19,87,100,37.98
277,Ilam,NP,2023-02-19 08:34:56,26.9167,87.9167,70.32,44,67,5.26
278,Laguna,US,2023-02-19 08:34:57,38.421,-121.4238,47.98,74,0,4.61
279,Nadvoitsy,RU,2023-02-19 08:34:57,63.8667,34.3167,16.86,91,81,9.84
280,Clyde River,CA,2023-02-19 08:34:58,70.4692,-68.5914,-19.97,69,100,14.97
281,Axim,GH,2023-02-19 08:34:58,4.8699,-2.2405,82.26,63,13,2.37
282,Semporna,MY,2023-02-19 08:34:59,4.4818,118.6112,82.06,78,67,8.88
283,Halifax,CA,2023-02-19 08:30:23,44.6453,-63.5724,26.6,85,44,11.5
284,Sabya,SA,2023-02-19 08:35:00,17.1495,42.6254,85.62,55,25,11.5
285,Middlebury,US,2023-02-19 08:35:00,44.0153,-73.1673,30.29,84,100,0.0
286,Merauke,ID,2023-02-19 08:35:01,-8.4667,140.3333,81.95,83,98,10.49
287,Deputatskiy,RU,2023-02-19 08:35:02,69.3,139.9,-39.1,95,41,4.74
288,Taoudenni,ML,2023-02-19 08:35:03,22.6783,-3.9836,75.94,13,95,13.98
289,Manati,PR,2023-02-19 08:35:04,18.4275,-66.4921,71.89,97,21,9.95
290,Puerto Lopez,CO,2023-02-19 08:35:04,4.0845,-72.956,74.05,50,79,2.89
291,Shimoda,JP,2023-02-19 08:35:05,34.6667,138.95,58.1,67,97,27.0
292,Hithadhoo,MV,2023-02-19 08:35:06,-0.6,73.0833,81.57,74,35,6.98
293,Sokoni,TZ,2023-02-19 08:35:07,-6.4333,39.55,83.05,72,89,15.43
294,Sobolevo,RU,2023-02-19 08:35:07,54.4299,31.8996,32.04,89,87,17.22
295,Ketou,BJ,2023-02-19 08:35:08,7.3633,2.5998,87.69,14,6,4.25
296,Dali,CN,2023-02-19 08:31:35,25.7,100.1833,68.43,26,26,7.27
297,Vao,NC,2023-02-19 08:35:09,-22.6667,167.4833,76.89,74,27,20.89
298,Sinop,TR,2023-02-19 08:35:09,41.7711,34.8709,48.85,71,82,15.5
299,Faanui,PF,2023-02-19 08:35:10,-16.4833,-151.75,82.06,70,5,8.39
300,Luderitz,NA,2023-02-19 08:35:11,-26.6481,15.1594,69.94,65,1,10.04
301,Fort Nelson,CA,2023-02-19 08:35:11,58.8053,-122.7002,0.99,90,100,0.0
302,Gigmoto,PH,2023-02-19 08:35:12,13.7796,124.39,76.77,92,100,1.28
303,Russell,US,2023-02-19 08:35:12,32.3502,-85.1999,45.68,87,0,0.0
304,Hirara,JP,2023-02-19 08:35:13,24.8,125.2833,71.87,78,75,26.46
305,Bandarbeyla,SO,2023-02-19 08:35:14,9.4942,50.8122,80.89,54,5,20.51
306,Matay,EG,2023-02-19 08:35:15,28.419,30.7792,64.63,44,0,16.84
307,Homer,US,2023-02-19 08:35:16,59.6425,-151.5483,33.67,100,100,0.0
308,Vostok,RU,2023-02-19 08:35:16,46.4856,135.8833,6.33,98,100,2.98
309,Campos Gerais,BR,2023-02-19 08:36:17,-21.235,-45.7586,64.27,98,100,4.0
310,Mayya,RU,2023-02-19 08:36:17,61.7333,130.2811,-22.68,100,100,1.79
311,Hastings,GB,2023-02-19 08:36:18,50.8552,0.5729,46.9,43,100,12.5
312,Lengshuijiang,CN,2023-02-19 08:36:19,27.6881,111.4294,60.53,40,9,5.5
313,Skjervoy,NO,2023-02-19 08:36:19,70.0311,20.9714,26.6,91,100,4.85
314,Nizwa,OM,2023-02-19 08:36:20,22.9333,57.5333,87.39,12,15,7.27
315,Mount Pleasant,US,2023-02-19 08:31:24,32.7941,-79.8626,44.58,83,100,8.05
316,Marsa Matruh,EG,2023-02-19 08:36:21,31.3525,27.2453,61.0,63,40,4.61
317,Alta Floresta,BR,2023-02-19 08:36:22,-9.8756,-56.0861,68.09,99,98,2.06
318,Inverness,GB,2023-02-19 08:36:22,57.4791,-4.224,42.84,86,40,17.27
319,Cadillac,US,2023-02-19 08:36:23,44.2519,-85.4012,31.91,80,75,9.22
320,Monywa,MM,2023-02-19 08:36:24,22.1167,95.1333,91.76,20,0,4.54
321,Cairns,AU,2023-02-19 08:36:24,-16.9167,145.7667,78.06,96,40,9.22
322,Roma,US,2023-02-19 08:36:07,43.2128,-75.4557,30.87,85,0,0.0
323,Bubaque,GW,2023-02-19 08:36:25,11.2833,-15.8333,73.24,73,27,9.53
324,Hadishahr,AZ,2023-02-19 08:36:26,38.8431,45.6635,45.09,47,17,3.11
325,Iqaluit,CA,2023-02-19 08:36:26,63.7506,-68.5145,-36.67,67,20,5.75
326,Siva,EG,2023-02-19 08:36:27,29.2041,25.5195,59.97,48,0,7.47
327,Constitucion,CL,2023-02-19 08:31:58,-35.3333,-72.4167,55.56,63,48,2.93
328,Santarem,BR,2023-02-19 08:36:28,-2.4431,-54.7083,75.33,94,40,4.61
329,Atulayan,PH,2023-02-19 08:36:28,17.6648,121.6937,72.93,97,100,10.42
330,Krasnaya Gora,RU,2023-02-19 08:36:29,52.9995,31.6023,33.8,89,12,15.82
331,Severo-Kurilsk,RU,2023-02-19 08:36:29,50.6789,156.125,17.69,72,68,16.51
332,Dzilam Gonzalez,MX,2023-02-19 08:36:30,21.2833,-88.9333,71.35,90,27,6.67
333,Bembereke,BJ,2023-02-19 08:36:31,10.2283,2.6634,78.89,15,8,9.46
334,Chardara,KZ,2023-02-19 08:36:31,41.2547,67.9692,47.82,56,100,2.59
335,Turukhansk,RU,2023-02-19 08:36:32,65.8167,87.9833,19.56,93,100,5.39
336,Pichayevo,RU,2023-02-19 08:36:32,53.2363,42.2032,21.34,92,100,11.9
337,Bethanien,NA,2023-02-19 08:36:33,-26.502,17.1583,85.15,17,0,9.42
338,Labuan,MY,2023-02-19 08:36:34,5.2767,115.2417,82.76,78,20,5.75
339,Aban,RU,2023-02-19 08:36:34,56.67,96.06,23.95,90,100,3.65
340,Goderich,CA,2023-02-19 08:36:35,43.7501,-81.7165,35.92,69,100,13.8
341,Vardo,NO,2023-02-19 08:36:35,70.3705,31.1107,28.38,86,100,8.05
342,Wilmington,US,2023-02-19 08:31:54,34.2257,-77.9447,35.51,93,40,0.0
343,Champerico,GT,2023-02-19 08:36:37,14.3,-91.9167,75.24,70,1,2.37
344,Venray,NL,2023-02-19 08:32:46,51.5167,5.9667,49.21,93,100,12.66
345,Coahuayana,MX,2023-02-19 08:36:37,18.7333,-103.6833,69.73,66,0,4.12
346,Hobbs,US,2023-02-19 08:36:38,32.7026,-103.136,37.99,56,0,8.05
347,San Juan,AR,2023-02-19 08:36:39,-31.5375,-68.5364,60.57,32,0,4.38
348,Lady Lake,US,2023-02-19 08:36:39,28.9175,-81.9229,54.01,90,40,8.05
349,Kemijarvi,FI,2023-02-19 08:36:40,66.7131,27.4306,21.29,95,100,6.44
350,Benghazi,LY,2023-02-19 08:36:40,32.1167,20.0667,59.97,61,12,7.94
351,Qasigiannguit,GL,2023-02-19 08:36:41,68.8193,-51.1922,23.25,71,100,6.26
352,Salta,AR,2023-02-19 08:36:41,-24.7859,-65.4117,49.57,88,40,3.0
353,Guozhen,CN,2023-02-19 08:37:42,34.3659,107.359,46.94,29,100,4.21
354,Burlington,US,2023-02-19 08:37:42,39.8835,-74.6413,37.71,79,0,4.61
355,Baykit,RU,2023-02-19 08:37:43,61.67,96.37,12.29,97,100,2.39
356,Mwinilunga,ZM,2023-02-19 08:37:44,-11.7358,24.4293,71.67,81,99,7.94
357,Vaitape,PF,2023-02-19 08:37:44,-16.5167,-151.75,82.08,70,6,8.41
358,Juneau,US,2023-02-19 08:37:44,58.3019,-134.4197,39.22,97,100,10.36
359,Ponta Delgada,PT,2023-02-19 08:37:45,37.7333,-25.6667,56.12,82,20,6.91
360,Canton,CN,2023-02-19 08:37:45,23.1167,113.25,78.75,45,96,15.93
361,Ahipara,NZ,2023-02-19 08:37:46,-35.1667,173.1667,62.94,88,16,3.0
362,Juan De Acosta,CO,2023-02-19 08:37:46,10.8281,-75.0334,76.59,79,11,13.35
363,Mlonggo,ID,2023-02-19 08:37:47,-6.5333,110.7,82.08,79,25,11.97
364,Namibe,AO,2023-02-19 08:37:47,-15.1961,12.1522,73.38,61,100,8.25
365,Sibu,MY,2023-02-19 08:37:47,2.3,111.8167,84.51,79,40,9.22
366,Capoterra,IT,2023-02-19 08:37:48,39.1763,8.9718,58.78,88,0,4.61
367,Inuvik,CA,2023-02-19 08:37:49,68.3499,-133.7218,-12.14,77,75,4.61
368,Doha,QA,2023-02-19 08:37:49,25.2867,51.5333,69.69,49,0,19.57
369,Waipawa,NZ,2023-02-19 08:37:50,-41.4122,175.5153,57.78,84,27,6.11
370,Nushki,PK,2023-02-19 08:37:50,29.5542,66.0215,73.15,19,100,6.17
371,Lakes Entrance,AU,2023-02-19 08:37:51,-37.8811,147.981,64.98,83,0,6.8
372,Srednekolymsk,RU,2023-02-19 08:37:51,67.45,153.6833,-29.87,96,100,4.45
373,Majagual,CO,2023-02-19 08:37:52,8.5389,-74.6204,69.53,88,73,1.97
374,Thinadhoo,MV,2023-02-19 08:37:52,0.5333,72.9333,81.52,75,97,8.52
375,Rafai,CF,2023-02-19 08:37:52,4.95,23.9167,94.21,13,88,6.53
376,Whitehorse,CA,2023-02-19 08:37:53,60.7161,-135.0538,23.77,93,100,5.75
377,Lubango,AO,2023-02-19 08:37:53,-14.9172,13.4925,74.08,22,69,7.47
378,Nzega,RW,2023-02-19 08:37:54,-2.479,29.5564,71.82,46,86,6.89
379,Lokosovo,RU,2023-02-19 08:37:54,61.1333,74.8167,16.57,89,100,1.86
380,Plettenberg Bay,ZA,2023-02-19 08:37:54,-34.0527,23.3716,73.49,64,48,6.53
381,Lajeado,BR,2023-02-19 08:36:11,-29.4669,-51.9614,51.42,91,0,2.91
382,Bure,ET,2023-02-19 08:37:55,10.7,37.0667,78.37,18,3,5.39
383,Puerto Penasco,MX,2023-02-19 08:37:55,31.3167,-113.5333,58.82,44,85,1.88
384,Port Lincoln,AU,2023-02-19 08:37:56,-34.7333,135.8667,71.94,60,0,6.76
385,Roebourne,AU,2023-02-19 08:37:56,-20.7833,117.1333,96.39,39,13,16.2
386,Rocha,UY,2023-02-19 08:37:57,-34.4833,-54.3333,51.1,64,0,4.88
387,Tonj,SS,2023-02-19 08:37:57,7.2737,28.6822,91.49,13,61,9.22
388,Udachnyy,RU,2023-02-19 08:37:57,66.4167,112.4,-1.55,70,79,4.5
389,Rio Grande,BR,2023-02-19 08:37:58,-32.035,-52.0986,63.14,59,6,6.53
390,Mayo,US,2023-02-19 08:35:56,38.8876,-76.5119,41.0,73,0,6.91
391,San Alberto,CO,2023-02-19 08:37:58,7.7611,-73.3922,73.04,64,99,4.14
392,Izumo,JP,2023-02-19 08:37:59,35.3667,132.7667,49.95,66,75,16.11
393,Rudnichnyy,RU,2023-02-19 08:37:59,59.617,52.4703,13.5,87,93,5.86
394,Matagami,CA,2023-02-19 08:38:00,49.7502,-77.6328,-9.29,84,100,3.44
395,Lata,PT,2023-02-19 08:38:00,40.1629,-8.3327,54.23,72,21,3.24
396,Nisia Floresta,BR,2023-02-19 08:36:34,-6.0911,-35.2086,77.38,79,30,4.83
397,Ajaccio,FR,2023-02-19 08:38:01,42.0,8.9167,50.05,87,0,5.75
398,Tabat,ID,2023-02-19 08:38:01,-2.635,115.2274,81.14,83,100,2.68
399,Grindavik,IS,2023-02-19 08:38:02,63.8424,-22.4338,36.07,93,100,20.71
400,Puerto Madryn,AR,2023-02-19 08:38:03,-42.7692,-65.0385,66.27,39,78,20.38
401,Yerbogachen,RU,2023-02-19 08:38:03,61.2767,108.0108,4.86,93,100,10.31
402,Purranque,CL,2023-02-19 08:39:04,-40.9167,-73.1667,49.28,96,79,1.21
403,Ranong,TH,2023-02-19 08:39:04,9.9658,98.6348,91.33,60,75,3.67
404,Sann,PK,2023-02-19 08:39:05,26.0418,68.1378,87.71,4,3,10.85
405,Sangar,RU,2023-02-19 08:39:05,63.9242,127.4739,-23.08,100,100,2.8
406,Alta,NO,2023-02-19 08:39:06,69.9689,23.2717,25.86,83,75,3.44
407,Mahanoro,MG,2023-02-19 08:39:06,-19.9,48.8,84.92,59,62,8.55
408,Alofi,NU,2023-02-19 08:39:07,-19.0595,-169.9187,78.69,89,83,6.91
409,Kutum,SD,2023-02-19 08:39:07,14.2,24.6667,69.87,13,0,10.78
410,Leshukonskoye,RU,2023-02-19 08:39:08,64.8989,45.7622,12.07,92,55,6.87
411,Murgab,TM,2023-02-19 08:39:08,37.4966,61.9714,57.07,51,0,13.8
412,Bundaberg,AU,2023-02-19 08:39:09,-24.85,152.35,74.21,90,99,3.0
413,Yarada,IN,2023-02-19 08:39:10,17.65,83.2667,86.32,58,40,4.61
414,Namatanai,PG,2023-02-19 08:39:10,-3.6667,152.4333,80.28,81,100,2.86
415,Kaura Namoda,NG,2023-02-19 08:39:11,12.5898,6.5779,75.2,11,12,21.9
416,Akdepe,TM,2023-02-19 08:39:12,42.0551,59.3788,51.89,43,12,18.21
417,Shakawe,BW,2023-02-19 08:39:12,-18.3667,21.85,88.3,23,87,8.52
418,Cabudare,VE,2023-02-19 08:39:13,10.0289,-69.0894,64.65,93,12,4.25
419,Puerto Escondido,MX,2023-02-19 08:39:13,15.85,-97.0667,75.31,61,5,5.32
420,Bathsheba,BB,2023-02-19 08:39:14,13.2167,-59.5167,74.01,94,75,16.11
421,Dawei,MM,2023-02-19 08:39:14,14.0833,98.2,86.99,47,43,7.96
422,Oswego,US,2023-02-19 08:39:15,43.4501,-76.1497,33.53,87,100,3.0
423,Henties Bay,NA,2023-02-19 08:39:15,-22.116,14.2845,67.73,70,64,7.61
424,Jutai,BR,2023-02-19 08:39:16,-5.1833,-68.9,72.12,100,100,1.21
425,Teya,RU,2023-02-19 08:39:17,60.3778,92.6267,23.0,89,100,5.39
426,Chumikan,RU,2023-02-19 08:39:18,54.7183,135.315,-0.35,93,84,6.93
427,Trois-Rivieres,CA,2023-02-19 08:39:18,46.3501,-72.5491,28.29,84,75,6.91
428,Mokolo,CM,2023-02-19 08:39:19,10.7398,13.8019,75.25,12,2,9.33
429,Ust-Nera,RU,2023-02-19 08:39:20,64.5667,143.2,-36.76,98,35,2.17
430,Tezu,IN,2023-02-19 08:39:20,27.9167,96.1667,85.51,23,2,2.93
431,Okha,RU,2023-02-19 08:39:21,53.5739,142.9478,-16.4,100,27,4.5
432,Narsaq,GL,2023-02-19 08:39:21,60.9167,-46.05,26.82,87,99,12.53
433,Ballitoville,ZA,2023-02-19 08:35:40,-29.539,31.2144,78.94,69,40,4.61
434,Quelimane,MZ,2023-02-19 08:39:22,-17.8786,36.8883,89.56,54,99,6.89
435,Blacksburg,US,2023-02-19 08:39:23,37.2296,-80.4139,38.17,73,0,0.0
436,High Level,CA,2023-02-19 08:39:24,58.5169,-117.136,-0.29,71,100,5.75
437,Esmeraldas,BR,2023-02-19 08:39:25,-19.7625,-44.3139,68.31,97,100,4.54
438,Hambantota,LK,2023-02-19 08:39:25,6.1241,81.1185,77.34,100,40,8.05
439,Elko,US,2023-02-19 08:39:26,41.0002,-115.5012,18.05,86,73,2.51
440,Klaksvik,FO,2023-02-19 08:39:27,62.2266,-6.589,43.72,95,100,19.19
441,Macon,US,2023-02-19 08:39:27,39.8667,-88.9668,42.87,61,100,20.71
442,Puerto Leguizamo,CO,2023-02-19 08:39:28,-0.1934,-74.7819,69.33,76,11,1.39
443,Shubarkuduk,KZ,2023-02-19 08:39:28,49.1447,56.4872,26.1,93,100,16.84
444,Flagstaff,US,2023-02-19 08:39:29,35.1981,-111.6513,37.06,71,0,5.75
445,Gadung,PH,2023-02-19 08:39:30,6.8025,124.02,82.35,78,65,7.05
446,Southampton,GB,2023-02-19 08:39:30,50.904,-1.4043,46.85,88,0,4.61
447,Noumea,NC,2023-02-19 08:40:31,-22.2763,166.4572,75.18,74,4,11.39
448,Ossora,RU,2023-02-19 08:40:31,59.2353,163.0719,-5.19,87,100,4.83
449,Hasaki,JP,2023-02-19 08:39:20,35.7333,140.8333,61.2,65,100,8.7
450,Male,MV,2023-02-19 08:39:12,4.1748,73.5089,89.55,58,20,13.8
451,Funes,AR,2023-02-19 08:40:33,-32.9157,-60.81,54.82,78,0,5.75
452,Lima,PE,2023-02-19 08:39:43,-12.0432,-77.0282,71.85,88,0,8.05
453,Aksarka,RU,2023-02-19 08:40:34,66.5606,67.7975,4.05,91,56,9.01
454,Visnes,NO,2023-02-19 08:40:34,59.3556,5.2242,43.21,81,75,19.57
455,Sept-Iles,CA,2023-02-19 08:40:35,50.2001,-66.3821,10.4,84,40,8.05
456,Manggar,ID,2023-02-19 08:40:35,-2.8833,108.2667,85.1,67,99,11.81
457,Palanga,LT,2023-02-19 08:40:36,55.9175,21.0686,37.42,65,0,8.05
458,Montevideo,UY,2023-02-19 08:37:48,-34.8335,-56.1674,57.51,50,0,5.99
459,Tiznit,MA,2023-02-19 08:40:36,29.5833,-9.5,58.82,38,0,9.04
460,Diamantino,BR,2023-02-19 08:40:37,-14.4086,-56.4461,68.86,99,100,4.36
461,Praia Da Vitoria,PT,2023-02-19 08:40:38,38.7333,-27.0667,55.76,94,75,8.68
462,Jacareacanga,BR,2023-02-19 08:40:38,-6.2222,-57.7528,70.41,99,100,1.41
463,Payo,ID,2023-02-19 08:40:39,-3.7508,103.6372,84.72,74,95,3.89
464,Nchelenge,ZM,2023-02-19 08:40:40,-9.3451,28.734,72.77,84,100,2.46
465,Aracoiaba Da Serra,BR,2023-02-19 08:40:40,-23.5053,-47.6142,62.55,89,100,13.96
466,Grand Gaube,MU,2023-02-19 08:40:41,-20.0064,57.6608,86.38,67,95,10.0
467,Marau,BR,2023-02-19 08:40:42,-28.4492,-52.2,44.42,80,0,5.06
468,Kadoma,JP,2023-02-19 08:40:42,34.7333,135.5833,53.65,79,75,11.5
469,Dolores,AR,2023-02-19 08:40:43,-36.3132,-57.6792,48.9,42,0,8.16
470,Waitati,NZ,2023-02-19 08:40:43,-45.75,170.5667,61.81,83,89,5.28
471,Berdigestyakh,RU,2023-02-19 08:40:44,62.0989,126.6992,-8.05,97,100,4.68
472,Huasahuasi,PE,2023-02-19 08:40:44,-11.3167,-75.6167,40.75,89,100,0.81
473,Tsiroanomandidy,MG,2023-02-19 08:40:45,-18.7667,46.0333,86.14,58,16,0.85
474,Presidencia Roque Saenz Pena,AR,2023-02-19 08:40:46,-26.7852,-60.4388,59.76,37,100,4.79
475,Derventa,BA,2023-02-19 08:40:46,44.9772,17.9103,44.35,63,72,6.02
476,Zeya,RU,2023-02-19 08:40:47,53.75,127.2667,0.82,94,91,5.12
477,Berlevag,NO,2023-02-19 08:40:48,70.8578,29.0864,30.2,80,100,9.22
478,Lohja,FI,2023-02-19 08:40:48,60.2486,24.0653,31.17,100,100,8.46
479,Kudahuvadhoo,MV,2023-02-19 08:40:48,2.6708,72.8944,80.38,78,99,10.09
480,Pistoia,IT,2023-02-19 08:40:49,43.9667,10.8333,46.85,90,100,4.54
481,Baghdad,IQ,2023-02-19 08:37:09,33.3406,44.4009,57.11,35,0,3.44
482,Antalaha,MG,2023-02-19 08:40:50,-14.9003,50.2788,84.97,55,52,11.05
483,Kirakira,SB,2023-02-19 08:40:50,-10.4544,161.9205,80.2,81,88,3.13
484,Sur,OM,2023-02-19 08:38:38,22.5667,59.5289,79.52,58,19,11.45
485,Dicabisagan,PH,2023-02-19 08:40:51,17.0818,122.4157,74.73,96,100,3.33
486,Okoneshnikovo,RU,2023-02-19 08:40:51,54.8377,75.0834,10.13,92,71,8.1
487,Vestmanna,FO,2023-02-19 08:40:51,62.1564,-7.1664,41.92,93,100,13.8
488,Zhaotong,CN,2023-02-19 08:40:52,27.3167,103.7167,56.61,45,36,5.12
489,Skagen,DK,2023-02-19 08:40:52,57.7209,10.5839,40.55,70,10,24.4
490,Tautira,PF,2023-02-19 08:40:53,-17.7333,-149.15,81.41,74,50,6.38
491,Roald,NO,2023-02-19 08:40:53,62.5833,6.1333,35.76,80,40,9.22
492,Oyama,JP,2023-02-19 08:40:54,36.3,139.8,56.75,58,73,6.13
493,Mahdasht,IR,2023-02-19 08:40:54,35.7299,50.8111,52.02,39,0,13.8
494,Nome,US,2023-02-19 08:40:55,64.5011,-165.4064,1.47,92,100,0.0
495,Abu Samrah,SY,2023-02-19 08:41:55,35.3029,37.1841,53.33,40,1,2.51
496,Vuktyl,RU,2023-02-19 08:41:55,63.8567,57.3094,12.24,89,95,1.59
497,Nishihara,JP,2023-02-19 08:41:56,26.1842,127.7558,71.26,68,75,14.97
498,Tura,IN,2023-02-19 08:41:56,25.5198,90.2201,84.42,25,1,5.84
499,Flin Flon,CA,2023-02-19 08:41:57,54.7682,-101.865,-32.13,100,100,3.83
500,Port Augusta,AU,2023-02-19 08:41:57,-32.5,137.7667,83.57,30,0,16.24
501,San Patricio,US,2023-02-19 08:41:58,28.017,-97.5169,55.26,92,78,4.05
502,Cedar City,US,2023-02-19 08:41:58,37.6775,-113.0619,33.4,54,0,3.44
503,Demmin,DE,2023-02-19 08:41:58,53.9076,13.0314,39.58,72,100,14.65
504,Lima Duarte,BR,2023-02-19 08:41:59,-21.8425,-43.7931,67.41,98,99,1.63
505,Vila Velha,BR,2023-02-19 08:41:59,-20.3297,-40.2925,75.94,92,40,2.3
506,Moerai,PF,2023-02-19 08:42:00,-22.4333,-151.3333,81.05,72,86,5.53
507,Bamako,ML,2023-02-19 08:42:00,12.65,-8.0,77.41,19,73,8.05
508,Zarand,IR,2023-02-19 08:42:00,30.8127,56.564,58.37,28,57,6.04
509,Liebenburg,DE,2023-02-19 08:42:01,52.0218,10.4317,43.59,86,100,4.65
510,Cortez,US,2023-02-19 08:42:01,37.3489,-108.5859,24.03,86,0,4.61
511,San Rafael,AR,2023-02-19 08:42:03,-34.6177,-68.3301,57.36,33,13,6.91
512,Tukrah,LY,2023-02-19 08:42:03,32.5341,20.5791,59.88,63,54,9.62
513,Mimongo,GA,2023-02-19 08:42:04,-1.6195,11.6068,80.2,71,100,3.65
514,Itarema,BR,2023-02-19 08:42:04,-2.9248,-39.9167,75.65,90,98,7.61
515,Bowen,AU,2023-02-19 08:42:05,-20.0167,148.2333,80.11,64,67,14.83
516,Amapa,BR,2023-02-19 08:42:06,1.0,-52.0,71.29,99,100,2.08
517,Borazjan,IR,2023-02-19 08:42:06,29.2666,51.2159,61.14,46,23,6.2
518,Hays,US,2023-02-19 08:42:07,30.0502,-98.0336,49.96,84,100,4.0
519,Muravlenko,RU,2023-02-19 08:42:08,63.7898,74.523,9.43,85,100,2.93
520,Ostersund,SE,2023-02-19 08:42:08,63.1792,14.6357,28.62,80,20,20.71
521,Lavrentiya,RU,2023-02-19 08:42:09,65.5833,-171.0,-19.23,93,29,5.55
522,Trelew,AR,2023-02-19 08:41:14,-43.249,-65.3051,64.42,34,45,21.97
523,Mackenzie,CA,2023-02-19 08:42:10,55.2999,-123.1698,32.22,93,100,5.75
524,Cocorit,MX,2023-02-19 08:42:10,27.5833,-109.9667,65.52,35,100,0.2
525,Alakurtti,RU,2023-02-19 08:42:11,66.9672,30.3491,20.23,95,100,7.45
526,Pangnirtung,CA,2023-02-19 08:42:12,66.1451,-65.7125,-40.11,98,100,2.39
527,Shestakovo,RU,2023-02-19 08:42:12,56.4915,103.96,10.63,87,68,3.65
528,Lakeway,US,2023-02-19 08:42:13,30.3638,-97.9796,50.86,80,0,9.22
529,Pelym,RU,2023-02-19 08:42:14,61.0108,61.9978,11.14,90,100,2.48
530,Uberaba,BR,2023-02-19 08:42:15,-19.7483,-47.9319,68.58,100,100,9.22
531,Miri,MY,2023-02-19 08:42:15,4.4148,114.0089,86.14,74,40,8.05
532,Qinzhou,CN,2023-02-19 08:42:16,21.95,108.6167,71.8,50,93,16.22
533,Sacramento,US,2023-02-19 08:40:39,38.4666,-121.3177,48.63,74,0,4.61
534,Ixtapa,MX,2023-02-19 08:42:17,20.7,-105.2,69.22,86,0,2.53
535,Ketchikan,US,2023-02-19 08:42:18,55.3422,-131.6461,39.18,93,100,4.61
536,Nanga Eboko,CM,2023-02-19 08:42:18,4.6833,12.3667,86.23,17,49,3.91
537,Davila,PH,2023-02-19 08:42:19,18.4726,120.5763,78.78,91,100,23.62
538,Vila Franca Do Campo,PT,2023-02-19 08:42:19,37.7167,-25.4333,55.81,80,26,6.17
539,Tiarei,PF,2023-02-19 08:42:20,-17.5333,-149.3333,80.62,75,22,7.43
540,Santo Antonio Do Ica,BR,2023-02-19 08:42:20,-3.1022,-67.9397,72.66,99,100,0.67
541,Sao Gabriel Da Cachoeira,BR,2023-02-19 08:43:21,-0.1303,-67.0892,71.08,99,100,0.87
542,Mastic Beach,US,2023-02-19 08:43:21,40.7668,-72.8521,40.01,69,0,8.01
543,Gari,RU,2023-02-19 08:43:22,59.4307,62.3497,12.27,85,100,2.15
544,Atlantic Beach,US,2023-02-19 08:41:06,30.3344,-81.3987,60.82,87,20,13.8
545,Mansa,IN,2023-02-19 08:43:23,29.9833,75.3833,92.16,9,47,4.32
546,Bousso,TD,2023-02-19 08:43:23,10.4795,16.7117,87.19,10,7,9.22
547,Bardiyah,LY,2023-02-19 08:43:24,31.7561,25.0865,59.31,57,93,7.2
548,Turner,US,2023-02-19 08:41:23,44.2565,-70.2562,26.51,94,18,1.95
549,Makat,KZ,2023-02-19 08:43:25,47.6469,53.3463,33.03,100,100,20.69
550,Arman,RU,2023-02-19 08:43:25,59.7,150.1667,-13.97,84,1,8.68
551,Raymondville,US,2023-02-19 08:39:42,26.4815,-97.7831,55.51,91,1,6.31
552,Progreso,MX,2023-02-19 08:43:26,21.2833,-89.6667,75.31,85,58,14.07
553,Macamic,CA,2023-02-19 08:43:27,48.7502,-78.9996,9.68,96,100,7.52
554,Tulun,RU,2023-02-19 08:43:27,54.5611,100.5792,19.08,90,100,6.04
555,Dubrovnik,HR,2023-02-19 08:43:28,42.6481,18.0922,53.24,71,75,4.61
556,Cumra,TR,2023-02-19 08:43:28,37.5732,32.7745,33.94,51,9,2.89
557,Kjollefjord,NO,2023-02-19 08:43:29,70.9457,27.3465,33.85,80,100,4.61
558,Banyo,CM,2023-02-19 08:43:29,6.75,11.8167,85.12,14,6,7.72
559,Aranos,NA,2023-02-19 08:43:30,-24.1333,19.1167,88.88,29,10,13.47
560,Barguzin,RU,2023-02-19 08:43:31,53.6167,109.6167,8.71,89,98,4.63
561,Tabuk,PH,2023-02-19 08:43:31,17.4189,121.4443,72.23,97,100,10.49
562,Biak,ID,2023-02-19 08:43:32,-0.9131,122.8766,81.9,78,100,1.43
563,Yinchuan,CN,2023-02-19 08:43:32,38.4681,106.2731,38.53,12,1,3.69
564,Chimore,BO,2023-02-19 08:43:33,-16.9833,-65.1333,64.31,96,100,0.87
565,Plaster Rock,CA,2023-02-19 08:43:33,46.9065,-67.39,16.32,99,78,3.38
566,Stutterheim,ZA,2023-02-19 08:43:33,-32.5708,27.424,77.81,53,3,5.3
567,Luba,GQ,2023-02-19 08:43:34,3.4568,8.5547,84.09,79,32,5.32
568,Amahai,ID,2023-02-19 08:43:34,-3.3333,128.9167,80.02,81,100,0.49
569,Klyuchi,RU,2023-02-19 08:43:35,52.2667,79.1667,16.75,84,100,3.11
570,Perdoes,BR,2023-02-19 08:43:35,-21.0908,-45.0914,64.69,97,100,3.6
571,Itamaraju,BR,2023-02-19 08:43:36,-17.0392,-39.5311,70.97,95,87,1.81
572,Karasjok,NO,2023-02-19 08:43:36,69.4719,25.5112,22.68,95,100,4.07
573,Dongzhen,CN,2023-02-19 08:43:37,22.3797,110.9389,76.24,51,100,10.98
574,Krasnokholm,RU,2023-02-19 08:43:37,51.5979,54.1567,14.88,90,100,11.99
575,Tecolutla,MX,2023-02-19 08:43:38,20.4833,-97.0167,62.49,67,100,7.63
576,Jesup,US,2023-02-19 08:41:28,31.6074,-81.8854,50.72,71,100,4.61
577,Domanivka,UA,2023-02-19 08:43:38,47.6319,30.9885,41.81,67,96,14.34
578,Iskateley,RU,2023-02-19 08:43:39,67.6803,53.1512,14.41,87,100,11.05
579,Makakilo City,US,2023-02-19 08:43:40,21.3469,-158.0858,71.92,84,40,5.75
580,Bodden Town,KY,2023-02-19 08:43:40,19.2833,-81.25,78.93,92,2,5.01
581,Aykino,RU,2023-02-19 08:43:41,62.2248,49.9922,12.27,91,100,4.27
582,Dingle,PH,2023-02-19 08:43:41,10.9995,122.6711,76.57,91,98,5.53
583,Peniche,PT,2023-02-19 08:43:42,39.3558,-9.3811,59.45,60,7,9.69
584,Mandalgovi,MN,2023-02-19 08:43:42,45.7625,106.2708,27.14,32,0,8.66
585,Kununurra,AU,2023-02-19 08:43:42,-15.7667,128.7333,85.98,74,40,9.22
586,Lagoa,PT,2023-02-19 08:43:43,39.05,-27.9833,56.8,79,13,8.08
587,Oktyabrskoye,RU,2023-02-19 08:43:43,43.0645,44.7417,37.54,75,100,11.18
588,Sarangani,PH,2023-02-19 08:43:44,5.4033,125.4636,82.31,77,100,9.28
589,Tuy Hoa,VN,2023-02-19 08:42:23,13.0833,109.3,75.74,75,71,13.89
590,Raudeberg,NO,2023-02-19 08:44:44,61.9875,5.1352,31.87,72,95,5.75
591,Suchitlan,MX,2023-02-19 08:44:45,19.3667,-103.7167,62.28,60,0,3.78
592,Penzance,GB,2023-02-19 08:44:45,50.1186,-5.5371,48.88,87,75,8.05
593,Kharp,RU,2023-02-19 08:44:45,66.8014,65.8081,13.17,86,65,4.38
594,Kathu,TH,2023-02-19 08:44:46,7.9178,98.3332,91.22,67,56,5.14
595,Tigzirt,DZ,2023-02-19 08:44:46,36.8886,4.1198,61.02,50,75,5.08
596,Ayr,GB,2023-02-19 08:44:47,55.4627,-4.6339,46.51,93,75,9.22
597,Bilibino,RU,2023-02-19 08:44:47,68.0546,166.4372,-9.38,99,100,1.25
598,Manaure,CO,2023-02-19 08:44:48,11.7751,-72.4445,72.37,86,4,9.46
599,Guadalajara,MX,2023-02-19 08:44:10,20.6667,-103.3333,56.41,59,0,1.86
600,Damietta,EG,2023-02-19 08:44:49,31.4165,31.8133,58.89,59,0,11.54
601,Cayambe,EC,2023-02-19 08:44:49,0.05,-78.1333,47.46,92,93,3.8
602,Zaysan,KZ,2023-02-19 08:44:49,47.4667,84.8667,19.99,93,100,2.37
603,Great Falls,US,2023-02-19 08:44:50,47.5002,-111.3008,30.42,91,100,11.5
604,Bonito,BR,2023-02-19 08:44:50,-21.1211,-56.4819,56.16,69,6,5.19
605,Sambava,MG,2023-02-19 08:44:51,-14.2667,50.1667,83.62,61,33,10.33
606,Ugoofaaru,MV,2023-02-19 08:44:51,5.6667,73.0,80.56,64,100,9.78
607,Hami,CN,2023-02-19 08:44:52,42.8,93.45,39.24,19,100,6.98
608,Meulaboh,ID,2023-02-19 08:44:52,4.1363,96.1285,83.61,73,90,6.85
609,Kabalo,CD,2023-02-19 08:44:53,-6.05,26.9167,73.81,93,100,1.74
610,Gejiu,CN,2023-02-19 08:44:53,23.306,103.1635,59.94,49,61,7.2
611,Dongsheng,CN,2023-02-19 08:44:54,39.8161,109.9776,31.59,20,0,12.28
612,Teahupoo,PF,2023-02-19 08:44:54,-17.8333,-149.2667,75.16,76,39,6.4
613,Innisfail,AU,2023-02-19 08:44:55,-17.5333,146.0333,76.14,89,92,6.29
614,Mendeleyevo,RU,2023-02-19 08:44:55,56.0333,37.2167,19.08,86,100,13.42
615,Safaga,EG,2023-02-19 08:44:56,26.7292,33.9365,69.55,43,88,17.85
616,Viedma,AR,2023-02-19 08:44:56,-40.8135,-62.9967,63.61,21,100,15.86
617,Clovis,US,2023-02-19 08:44:56,36.8252,-119.7029,51.84,65,75,4.61
618,San Policarpo,PH,2023-02-19 08:44:57,12.1791,125.5072,78.96,86,99,13.53
619,Ocos,GT,2023-02-19 08:44:57,14.5094,-92.1933,69.98,69,0,2.62
620,Hanna,CA,2023-02-19 08:40:10,51.6334,-111.9018,19.85,91,100,1.99
621,Punta De Bombon,PE,2023-02-19 08:44:58,-17.1717,-71.7931,73.9,86,99,5.82
622,Wadi Musa,JO,2023-02-19 08:44:58,30.3222,35.4793,53.94,30,0,8.1
623,Daru,PG,2023-02-19 08:44:59,-9.0763,143.2092,81.54,81,20,8.08
624,Sorland,NO,2023-02-19 08:44:59,67.667,12.6934,35.46,69,27,6.11
625,Itajuba,BR,2023-02-19 08:45:00,-22.4256,-45.4528,66.76,96,100,2.21
626,Gladstone,AU,2023-02-19 08:45:00,-23.85,151.25,80.53,61,100,17.27
627,Saintes,FR,2023-02-19 08:45:00,45.6667,-0.75,47.95,86,99,5.48
628,Keti Bandar,PK,2023-02-19 08:45:01,24.1447,67.4497,82.69,46,100,12.44
629,Lihula,EE,2023-02-19 08:45:02,58.6814,23.8453,32.9,83,100,17.07
630,Mazatlan,MX,2023-02-19 08:43:04,23.2167,-106.4167,66.9,70,40,0.0
631,Teacapan,MX,2023-02-19 08:45:04,22.55,-105.75,64.24,82,8,3.09
632,Olinda,BR,2023-02-19 08:45:04,-8.0089,-34.8553,78.53,78,40,3.44
633,Murindo,CO,2023-02-19 08:45:05,6.9848,-76.7544,72.55,97,78,1.88
634,Ahuimanu,US,2023-02-19 08:45:06,21.4447,-157.8378,73.11,88,20,5.75
635,Zhuhai,CN,2023-02-19 08:45:06,22.2769,113.5678,83.91,65,20,8.05
636,Sartana,UA,2023-02-19 08:46:07,47.1744,37.6927,42.85,100,99,8.97
637,Novoselitskoye,RU,2023-02-19 08:46:08,44.7508,43.4369,43.0,81,100,10.51
638,Odessa,UA,2023-02-19 08:45:27,46.4775,30.7326,43.61,72,90,16.24
639,Madimba,TZ,2023-02-19 08:46:09,-10.4,40.3333,84.6,66,97,10.33
640,Prestea,GH,2023-02-19 08:46:10,5.4327,-2.1428,84.54,50,21,1.52
641,Maxineni,RO,2023-02-19 08:46:11,45.4,27.6333,56.17,57,40,13.24
642,Apango,MX,2023-02-19 08:46:11,17.7333,-99.3333,62.51,53,25,2.42
643,Marzuq,YE,2023-02-19 08:46:12,14.4,46.4667,73.53,24,0,8.05
644,Nadym,RU,2023-02-19 08:46:12,65.5333,72.5167,8.6,90,19,7.11
645,Yellandu,IN,2023-02-19 08:46:13,17.6,80.3333,95.32,22,0,1.57
646,Codajas,BR,2023-02-19 08:46:14,-3.8367,-62.0569,72.99,98,100,2.51
647,Carutapera,BR,2023-02-19 08:46:14,-1.195,-46.02,73.63,98,100,4.88
648,Sao Sebastiao,BR,2023-02-19 08:46:14,-23.76,-45.4097,75.45,96,100,11.9
649,Kiruna,SE,2023-02-19 08:41:17,67.8557,20.2251,18.52,93,100,0.0
650,San Antonio,US,2023-02-19 08:44:25,29.4241,-98.4936,52.61,78,40,4.61
651,Shemonaikha,KZ,2023-02-19 08:46:16,50.6328,81.9056,27.05,91,100,13.67
652,Ayorou,NE,2023-02-19 08:46:17,14.7308,0.9174,75.4,10,30,18.3
653,Berbera,SO,2023-02-19 08:46:18,10.4396,45.0143,81.79,47,10,13.53
654,Aubenas,FR,2023-02-19 08:46:18,44.6201,4.3899,50.45,69,9,5.37
655,Cartagena,CO,2023-02-19 08:46:19,10.3997,-75.5144,76.62,78,0,6.91
656,Erenhot,CN,2023-02-19 08:46:20,43.6475,111.9767,26.38,30,2,11.95
657,Paita,PE,2023-02-19 08:46:20,-5.0892,-81.1144,75.63,83,100,8.03
658,Christchurch,NZ,2023-02-19 08:44:02,-43.5333,172.6333,73.6,49,89,6.91
659,Emba,KZ,2023-02-19 08:46:21,48.8264,58.1442,26.58,90,100,11.14
660,Monrovia,LR,2023-02-19 08:46:22,6.3005,-10.7969,76.77,81,11,3.69
661,Prainha,BR,2023-02-19 08:46:23,-1.8,-53.48,72.37,98,100,1.7
662,Katsuura,JP,2023-02-19 08:46:23,35.1333,140.3,61.52,73,86,23.09
663,Woodward,US,2023-02-19 08:46:24,36.4337,-99.3904,43.83,59,0,12.66
664,College,US,2023-02-19 08:46:25,64.8569,-147.8028,-2.9,81,75,0.0
665,Ambam,CM,2023-02-19 08:46:25,2.3833,11.2833,73.56,40,87,1.54
666,Tammisaari,FI,2023-02-19 08:46:26,59.9736,23.4339,33.12,97,100,13.78
