City_ID,City,Country,Lat,Lng,Max Temp,Humidity,Cloudiness,Wind Speed,City Weather
0,Kabalo,CD,-6.05,26.9167,70.45,96,100,4.14,Clouds
1,Kamenka,RU,51.3223,42.7678,28.18,96,100,8.86,Clouds
2,Tuktoyaktuk,CA,69.4541,-133.0374,-25.6,68,75,5.75,Clouds
3,Umm Lajj,SA,25.0213,37.2685,71.71,62,81,5.68,Clouds
4,Nouadhibou,MR,20.931,-17.0347,66.18,72,87,13.8,Clouds
5,Kindu,CD,-2.95,25.95,73.96,86,100,2.86,Clouds
6,Rikitea,PF,-23.1203,-134.9692,79.77,74,13,15.9,Clouds
7,Kapaa,US,22.0752,-159.319,80.58,85,100,4.0,Rain
8,Nexo,DK,55.0607,15.1306,39.29,83,100,24.47,Clouds
9,Cabo San Lucas,MX,22.8909,-109.9124,80.62,50,0,14.97,Clear
10,Atuona,PF,-9.8,-139.0333,78.73,75,74,12.35,Clouds
11,Ushuaia,AR,-54.8,-68.3,46.06,71,40,20.71,Rain
12,San Rafael,AR,-34.6177,-68.3301,84.13,16,0,16.15,Clear
13,Gayny,RU,60.3071,54.3241,-7.65,100,100,3.22,Clouds
14,Bethel,US,41.3712,-73.414,45.64,63,100,4.0,Clouds
15,Portobelo,PA,9.55,-79.65,75.11,77,72,16.75,Clouds
16,Clyde River,CA,70.4692,-68.5914,-18.17,57,0,4.61,Clear
17,Mikuni,JP,36.2171,136.1519,40.91,91,96,5.5,Clouds
18,Batagay-Alyta,RU,67.8006,130.4114,-36.33,92,11,4.85,Clouds
19,Severo-Kurilsk,RU,50.6789,156.125,16.7,82,89,16.04,Clouds
20,Saskylakh,RU,71.9167,114.0833,-4.41,98,32,7.67,Clouds
21,Presidente Medici,BR,-11.1753,-61.9014,76.21,95,89,3.76,Clouds
22,Ternate,ID,0.8,127.4,78.26,83,100,6.78,Rain
23,Henties Bay,NA,-22.116,14.2845,64.63,80,36,4.83,Clouds
24,Torbay,CA,47.6666,-52.7314,24.17,87,75,12.66,Clouds
25,Tura,IN,25.5198,90.2201,64.58,49,2,2.86,Clear
26,Quatre Cocos,MU,-20.2078,57.7625,80.71,88,100,19.64,Rain
27,Luderitz,NA,-26.6481,15.1594,62.58,88,2,4.05,Clear
28,Port Alfred,ZA,-33.5906,26.891,69.19,96,3,3.53,Clear
29,Luwuk,ID,-0.9516,122.7875,77.61,88,100,1.23,Clouds
30,Lazaro Cardenas,MX,17.9583,-102.2,85.57,51,4,11.97,Clear
31,Guerrero Negro,MX,27.9769,-114.0611,65.16,52,100,2.84,Clouds
32,Polovinnoye,RU,54.7914,65.9864,1.98,100,92,5.93,Clouds
33,Hobart,AU,-42.8794,147.3294,62.06,83,75,13.8,Clouds
34,Iqaluit,CA,63.7506,-68.5145,-29.47,68,40,3.44,Clouds
35,Mahebourg,MU,-20.4081,57.7,80.89,89,75,6.91,Rain
36,Te Anau,NZ,-45.4167,167.7167,65.14,79,84,6.26,Clouds
37,Lata,PT,40.1629,-8.3327,53.08,85,92,4.03,Clouds
38,Jamestown,US,42.097,-79.2353,51.53,34,100,13.8,Clouds
39,Talaya,RU,61.3833,152.75,-34.74,99,100,0.56,Clouds
40,Gat,IL,31.61,34.7642,52.81,80,0,4.7,Clear
41,Vilyuysk,RU,63.7553,121.6247,-21.62,100,100,2.89,Clouds
42,Punta Arenas,CL,-53.15,-70.9167,51.91,50,75,20.71,Clouds
43,Butaritari,KI,3.0707,172.7902,80.4,79,93,10.07,Rain
44,Ilulissat,GL,69.2167,-51.1,-2.18,78,100,9.22,Clouds
45,Hermanus,ZA,-34.4187,19.2345,66.79,77,2,19.57,Clear
46,Cape Town,ZA,-33.9258,18.4232,70.38,71,75,16.11,Clouds
47,Lavrentiya,RU,65.5833,-171.0,-9.47,90,100,6.33,Clouds
48,Urazovo,RU,50.0836,38.0395,30.18,93,100,10.65,Snow
49,Albany,US,42.6001,-73.9662,45.18,48,100,5.01,Clouds
50,Puerto Ayora,EC,-0.7393,-90.3518,87.76,70,21,12.86,Clouds
51,Amahai,ID,-3.3333,128.9167,77.43,86,99,5.75,Clouds
52,Avarua,CK,-21.2078,-159.775,84.25,74,40,11.5,Clouds
53,San Patricio,US,28.017,-97.5169,81.16,58,84,13.29,Clouds
54,Tual,ID,-5.6667,132.75,80.65,83,98,18.14,Clouds
55,Grahamstown,ZA,-33.3042,26.5328,62.96,91,4,3.24,Clear
56,Itoman,JP,26.1247,127.6694,64.42,68,75,23.02,Clouds
57,Qaanaaq,GL,77.484,-69.3632,7.21,66,93,8.86,Clouds
58,Hilo,US,19.7297,-155.09,73.13,93,100,8.99,Rain
59,Sao Gabriel Da Cachoeira,BR,-0.1303,-67.0892,74.43,97,100,2.75,Clouds
60,Carnarvon,AU,-24.8667,113.6333,73.78,83,1,13.22,Clear
61,Yellowknife,CA,62.456,-114.3525,-16.08,76,20,0.0,Clouds
62,Bambous Virieux,MU,-20.3428,57.7575,80.85,89,75,6.91,Rain
63,Nchelenge,ZM,-9.3451,28.734,69.93,85,100,3.02,Rain
64,Darhan,MN,49.4867,105.9228,-6.68,98,19,4.61,Clouds
65,Tuatapere,NZ,-46.1333,167.6833,68.02,61,56,1.21,Clouds
66,Vaini,TO,-21.2,-175.2,82.56,83,75,4.61,Rain
67,Thompson,CA,55.7435,-97.8558,-16.44,58,0,4.61,Clear
68,Rochegda,RU,62.8,43.25,5.4,96,92,6.02,Clouds
69,Dikson,RU,73.5069,80.5464,22.46,96,100,15.35,Clouds
70,Airai,TL,-8.9266,125.4092,59.88,93,95,1.14,Clouds
71,Georgetown,MY,5.4112,100.3354,78.73,98,20,0.0,Clouds
72,Adrar,MR,20.5022,-10.0711,77.77,12,72,10.85,Clouds
73,Castro,BR,-24.7911,-50.0119,58.64,90,100,6.33,Clouds
74,Thunder Bay,CA,48.4001,-89.3168,22.98,58,75,18.41,Clouds
75,Cotonou,BJ,6.3654,2.4183,84.18,70,32,8.05,Dust
76,Saint-Philippe,RE,-21.3585,55.7679,80.19,85,89,11.86,Clouds
77,Eyl,SO,7.9803,49.8164,72.7,72,36,16.2,Clouds
78,Souillac,MU,-20.5167,57.5167,80.98,89,75,6.91,Rain
79,Lebu,CL,-37.6167,-73.65,60.21,77,13,20.13,Clouds
80,Chuy,UY,-33.6971,-53.4616,66.29,48,100,12.17,Clouds
81,Ancud,CL,-41.8697,-73.8203,59.04,62,31,2.71,Clouds
82,Nantucket,US,41.2835,-70.0995,44.74,78,0,11.5,Clear
83,Itapirapua,BR,-15.8233,-50.6133,74.84,87,80,3.58,Rain
84,Mount Isa,AU,-20.7333,139.5,71.37,78,97,4.61,Clouds
85,Pevek,RU,69.7008,170.3133,-23.96,93,100,1.21,Clouds
86,Pangnirtung,CA,66.1451,-65.7125,-36.4,61,0,0.0,Clear
87,Nioro,GM,13.35,-15.75,81.05,42,72,9.19,Clouds
88,Flinders,AU,-34.5833,150.8552,76.37,87,11,4.0,Clouds
89,Busselton,AU,-33.65,115.3333,61.41,80,0,11.79,Clear
90,Lorengau,PG,-2.0226,147.2712,82.04,76,93,2.17,Clouds
91,Nosivka,UA,50.9315,31.5828,31.73,76,63,14.12,Clouds
92,Bilibino,RU,68.0546,166.4372,-19.41,98,100,1.5,Clouds
93,Shelburne,CA,44.0787,-80.2041,40.77,70,89,17.07,Clouds
94,Vao,NC,-22.6667,167.4833,76.68,63,0,18.88,Clear
95,Kutum,SD,14.2,24.6667,59.94,16,1,10.8,Clear
96,Labuhan,ID,-6.8844,112.2051,75.79,87,96,8.79,Clouds
97,Mataura,NZ,-46.1927,168.8643,59.49,59,33,3.53,Clouds
98,Hithadhoo,MV,-0.6,73.0833,80.91,76,64,5.88,Clouds
99,Rio Grande,BR,-32.035,-52.0986,73.51,55,25,12.66,Clouds
100,Khatanga,RU,71.9667,102.5,6.4,90,77,16.67,Clouds
101,Morondava,MG,-20.2833,44.2833,80.64,78,77,6.96,Clouds
102,Noyabrsk,RU,63.1994,75.4507,-1.62,98,100,5.03,Clouds
103,Shache,CN,38.4167,77.2406,34.05,45,96,3.24,Clouds
104,Mar Del Plata,AR,-38.0023,-57.5575,77.02,25,0,21.85,Clear
105,Pangkalanbuun,ID,-2.6833,111.6167,74.37,98,99,3.15,Clouds
106,Terney,RU,45.0503,136.6092,12.65,73,98,8.48,Clouds
107,Norman Wells,CA,65.282,-126.8329,-9.36,77,100,0.0,Snow
108,Beringovskiy,RU,63.05,179.3167,-5.89,95,100,11.9,Clouds
109,Camana,PE,-16.6228,-72.7111,77.54,77,57,8.12,Clouds
110,Hammerfest,NO,70.6634,23.6821,28.85,100,100,20.71,Snow
111,Paamiut,GL,61.994,-49.6678,17.94,93,100,3.33,Snow
112,Saldanha,ZA,-33.0117,17.9442,68.05,80,70,12.53,Clouds
113,Bambanglipuro,ID,-7.95,110.2833,75.45,88,100,6.96,Clouds
114,Manggar,ID,-2.8833,108.2667,77.97,89,99,9.22,Clouds
115,Seymchan,RU,62.8833,152.4333,-36.02,99,96,0.85,Clouds
116,Cidreira,BR,-30.1811,-50.2056,72.28,57,47,16.89,Clouds
117,Ponta Do Sol,PT,32.6667,-17.1,63.23,53,13,6.29,Clouds
118,Bluff,NZ,-46.6,168.3333,59.81,76,43,4.81,Clouds
119,Plesetsk,RU,62.708,40.2916,5.25,95,72,6.17,Clouds
120,Anadyr,RU,64.75,177.4833,-7.1,71,0,6.71,Clear
121,Isangel,VU,-19.55,169.2667,81.55,65,15,13.71,Clouds
122,Kiruna,SE,67.8557,20.2251,18.52,86,100,2.3,Snow
123,Penon Blanco,MX,24.7897,-104.0369,81.23,16,53,1.77,Clouds
124,Bajos De Haina,DO,18.4154,-70.0332,84.16,64,40,13.8,Clouds
125,Tottori,JP,35.5,134.2333,46.47,66,75,18.41,Clouds
126,Dingle,PH,10.9995,122.6711,73.29,93,90,3.71,Clouds
127,Dudinka,RU,69.4058,86.1778,2.62,100,55,7.72,Clouds
128,Nan,TH,18.8333,100.6667,66.45,71,0,0.65,Clear
129,Geraldton,AU,-28.7667,114.6,73.81,83,100,9.22,Clouds
130,Iberia,US,29.9502,-91.7507,68.07,59,0,12.66,Clear
131,Sinnamary,GF,5.3833,-52.95,76.59,78,99,10.87,Clouds
132,Tasiilaq,GL,65.6145,-37.6368,10.92,86,100,3.83,Clouds
133,New Norfolk,AU,-42.7826,147.0587,61.72,62,100,1.99,Clouds
134,Takoradi,GH,4.8845,-1.7554,79.21,85,6,7.9,Clear
135,Baft,IR,29.234,56.6057,43.11,36,98,2.73,Clouds
136,Yar-Sale,RU,66.8333,70.8333,-13.05,100,55,3.38,Clouds
137,Finschhafen,PG,-6.6024,147.8681,81.99,78,99,4.29,Clouds
138,Batagay,RU,67.6333,134.6333,-45.83,100,50,3.29,Clouds
139,Zharkovskiy,RU,55.849,32.2697,28.83,93,100,10.42,Snow
140,Bredasdorp,ZA,-34.5322,20.0403,66.09,71,1,14.65,Clear
141,Dolores,AR,-36.3132,-57.6792,73.17,29,2,11.52,Clear
142,Buala,SB,-8.145,159.5921,81.43,78,99,1.54,Clouds
143,Faanui,PF,-16.4833,-151.75,81.39,72,5,6.11,Clear
144,San Cristobal,VE,7.7669,-72.225,77.18,49,11,2.42,Clouds
145,Seinajoki,FI,62.7945,22.8282,22.98,96,100,2.3,Mist
146,Yulara,AU,-25.2406,130.9889,78.3,47,1,3.51,Clear
147,Gorontalo,ID,0.5412,123.0595,75.22,95,100,2.46,Rain
148,Ribeira Grande,PT,38.5167,-28.7,59.4,72,75,8.01,Clouds
149,Semme,FR,46.1963,1.5007,43.21,94,4,3.78,Clear
150,East London,ZA,-33.0153,27.9116,74.12,92,11,4.99,Clouds
151,Burnie,AU,-41.0667,145.9167,61.95,88,80,8.5,Clouds
152,Cherskiy,RU,68.75,161.3,-24.92,96,100,2.73,Clouds
153,Castrovillari,IT,39.8203,16.2123,51.3,90,49,4.88,Clouds
154,Matara,LK,5.9485,80.5353,73.76,92,100,5.97,Clouds
155,Petropavlovsk-Kamchatskiy,RU,53.0452,158.6483,12.79,67,75,8.95,Clouds
156,Tawang,IN,27.5833,91.8667,39.69,91,98,0.34,Clouds
157,Lasa,IT,46.6166,10.7002,49.08,80,26,7.58,Clouds
158,Emirdag,TR,39.0197,31.15,40.71,58,16,7.9,Clouds
159,Akyab,MM,20.15,92.9,67.06,85,2,6.42,Clear
160,Acarau,BR,-2.8856,-40.12,78.66,81,100,11.12,Clouds
161,Malpe,IN,13.35,74.7167,78.1,92,3,4.09,Clear
162,Upernavik,GL,72.7868,-56.1549,-2.15,92,100,26.02,Clouds
163,Katsuura,JP,35.1333,140.3,51.8,56,100,10.67,Clouds
164,Tuy Hoa,VN,13.0833,109.3,70.3,89,99,7.67,Clouds
165,Praxedis Guerrero,MX,31.3667,-106.0167,53.06,67,100,15.88,Clouds
166,Bengkulu,ID,-3.8004,102.2655,74.39,90,72,4.38,Clouds
167,Kattivakkam,IN,13.2167,80.3167,78.08,80,6,3.78,Clear
168,Kirakira,SB,-10.4544,161.9205,82.27,80,99,5.32,Clouds
169,Ugoofaaru,MV,5.6667,73.0,79.97,72,31,7.9,Clouds
170,Karachi,PK,24.9056,67.0822,64.22,88,98,0.0,Mist
171,Alofi,NU,-19.0595,-169.9187,84.09,74,78,11.5,Rain
172,Cayenne,GF,4.9333,-52.3333,77.04,88,75,6.91,Clouds
173,Chokurdakh,RU,70.6333,147.9167,-50.87,100,79,0.81,Clouds
174,Pozhva,RU,59.0912,56.0847,-9.89,99,85,3.58,Clouds
175,Leeuwarden,NL,53.2014,5.8086,44.6,89,100,12.66,Clouds
176,Touros,BR,-5.1989,-35.4608,80.92,72,57,12.19,Clouds
177,Sitka,US,57.0531,-135.33,39.09,87,100,6.91,Rain
178,Esperance,AU,-33.8667,121.9,66.04,90,25,12.91,Clouds
179,Faya,SA,18.3851,42.4509,57.72,71,42,2.17,Clouds
180,Codrington,AU,-38.2667,141.9667,61.56,79,0,1.16,Clear
181,Hailar,CN,49.2,119.7,-18.56,99,11,4.65,Clouds
182,Antsohihy,MG,-14.8796,47.9875,75.58,96,69,2.59,Rain
183,Tagab,AF,34.855,69.6492,50.18,74,97,3.22,Clouds
184,Longyearbyen,SJ,78.2186,15.6401,4.84,78,40,5.75,Clouds
185,Dubrovnik,HR,42.6481,18.0922,51.44,81,75,2.3,Clouds
186,Jining,CN,35.405,116.5814,35.98,49,0,2.89,Clear
187,Port-Gentil,GA,-0.7193,8.7815,82.36,89,20,5.75,Clouds
188,Harnosand,SE,62.6323,17.9379,26.6,79,9,11.14,Clear
189,Marawi,PH,7.9986,124.2928,68.16,88,98,3.85,Clouds
190,Arlit,NE,18.7369,7.3853,67.26,15,0,7.52,Clear
191,Kaihua,CN,23.3687,104.28,52.59,95,99,4.16,Clouds
192,Zaragoza,ES,41.6561,-0.8773,53.02,52,0,3.44,Clear
193,Chara,RU,56.9064,118.2631,-17.5,78,26,1.45,Clouds
194,Malanje,AO,-9.5402,16.341,65.61,95,100,4.09,Clouds
195,Oksfjord,NO,70.2396,22.3479,32.18,96,100,8.23,Snow
196,Sabha,LY,27.0377,14.4283,52.48,34,0,10.54,Clear
197,Manuk Mangkaw,PH,4.8,119.85,81.37,78,100,14.5,Clouds
198,San Quintin,MX,30.4833,-115.95,56.55,70,92,7.61,Clouds
199,Amarillo,US,35.222,-101.8313,71.04,25,0,29.93,Clear
200,Constitucion,CL,-35.3333,-72.4167,67.3,60,22,13.29,Clouds
201,Nemuro,JP,43.3236,145.575,28.8,97,100,28.21,Snow
202,Richards Bay,ZA,-28.783,32.0377,76.98,86,81,12.03,Clouds
203,Bongandanga,CD,1.5,21.05,80.83,30,100,1.34,Clouds
204,Tabou,CI,4.423,-7.3528,80.15,86,5,7.31,Clear
205,Madras,IN,13.0878,80.2785,77.97,80,20,0.0,Mist
206,Beira,MZ,-19.8436,34.8389,82.49,94,20,3.44,Clouds
207,Aykhal,RU,66.0,111.5,-4.36,100,100,5.61,Clouds
208,Saint George,US,37.1041,-113.5841,61.43,27,0,4.0,Clear
209,Winnemucca,US,40.973,-117.7357,45.18,36,92,7.23,Clouds
210,Hambantota,LK,6.1241,81.1185,75.54,100,20,3.44,Clouds
211,Victoria,HK,22.2855,114.1577,68.38,66,97,11.01,Clouds
212,Abalak,RU,58.1286,68.5944,-9.33,100,96,3.62,Clouds
213,Broken Hill,AU,-31.95,141.4333,77.59,22,0,8.81,Clear
214,Camacha,PT,33.0833,-16.3333,60.22,77,75,5.75,Rain
215,Aksarka,RU,66.5606,67.7975,-8.9,98,64,3.38,Clouds
216,Chicama,PE,-7.8447,-79.1469,77.54,61,99,10.13,Clouds
217,Kavieng,PG,-2.5744,150.7967,82.69,73,90,3.98,Clouds
218,Bodden Town,KY,19.2833,-81.25,84.2,70,20,17.27,Clouds
219,Yanai,JP,33.9667,132.1167,42.8,73,11,6.55,Clouds
220,Sanmenxia,CN,34.7747,111.1814,37.29,42,1,0.29,Clear
221,Gwadar,PK,25.1216,62.3254,72.99,70,86,14.43,Clouds
222,Kahului,US,20.8947,-156.47,80.83,68,20,11.99,Rain
223,Gao,ML,16.6362,1.637,69.93,12,0,12.33,Clear
224,Vermilion,US,40.1667,-87.7506,57.54,46,0,23.02,Clear
225,Yanaul,RU,56.2719,54.9309,-5.58,98,48,6.55,Clouds
226,Lesnyye Polyany,RU,55.9667,37.8667,18.75,96,100,5.99,Snow
227,Axim,GH,4.8699,-2.2405,79.47,84,6,9.06,Clear
228,Vila Franca Do Campo,PT,37.7167,-25.4333,55.81,81,84,5.03,Clouds
229,Makakilo City,US,21.3469,-158.0858,79.12,69,20,9.22,Rain
230,Pindi Bhattian,PK,31.8978,73.273,63.37,34,100,6.64,Clouds
231,Calabozo,VE,8.9242,-67.4293,91.92,20,0,7.31,Clear
232,Nikolskoye,RU,59.7035,30.7861,21.09,94,98,5.77,Clouds
233,Chilca,PE,-12.5211,-76.7372,74.91,83,59,6.89,Clouds
234,Klaksvik,FO,62.2266,-6.589,43.72,76,72,40.69,Clouds
235,Sao Filipe,CV,14.8961,-24.4956,71.15,75,97,7.14,Clouds
236,Vesyegonsk,RU,58.664,37.2604,15.42,93,100,10.63,Clouds
237,Pitimbu,BR,-7.4706,-34.8086,82.99,75,84,10.6,Clouds
238,Naze,JP,28.3667,129.4833,56.32,66,100,18.84,Clouds
239,Nishihara,JP,26.1842,127.7558,63.68,68,75,24.16,Clouds
240,Miass,RU,55.045,60.1083,-5.6,100,90,1.01,Clouds
241,Ardahan,TR,41.1087,42.7022,17.56,97,90,4.92,Snow
242,Fare,PF,-16.7,-151.0167,81.57,71,0,7.76,Clear
243,Palmer,US,42.1584,-72.3287,45.01,47,100,17.27,Clouds
244,Birjand,IR,32.8663,59.2211,32.47,74,0,4.61,Clear
245,Saint-Joseph,RE,-21.3667,55.6167,79.18,84,81,13.2,Clouds
246,Tadine,NC,-21.55,167.8833,78.85,65,25,15.93,Clouds
247,Port Lincoln,AU,-34.7333,135.8667,70.72,73,0,8.05,Clear
248,Port Elizabeth,ZA,-33.918,25.5701,70.11,88,0,6.91,Clear
249,Turmalina,BR,-17.2856,-42.73,69.76,88,67,6.02,Clouds
250,Vostok,RU,46.4856,135.8833,-6.88,100,100,2.15,Clouds
251,Shimoda,JP,34.6667,138.95,47.1,63,66,20.33,Clouds
252,Channel-Port Aux Basques,CA,47.5702,-59.1367,26.2,66,98,18.43,Clouds
253,Srandakan,ID,-7.9386,110.2506,75.69,88,100,7.09,Clouds
254,Lixourion,GR,38.2019,20.4314,52.63,84,4,3.83,Clear
255,Ilabaya,PE,-17.4208,-70.5133,72.64,66,100,7.61,Clouds
256,Nelson Bay,AU,-32.7167,152.15,76.1,84,5,5.99,Clear
257,Elesbao Veloso,BR,-6.2019,-42.1403,72.82,93,96,4.5,Clouds
258,Bunbury,AU,-33.3333,115.6333,64.45,71,0,14.03,Clear
259,Talnakh,RU,69.4865,88.3972,2.21,96,98,6.98,Clouds
260,Pestyaki,RU,56.7103,42.6717,9.05,95,100,11.16,Snow
261,Chingola,ZM,-12.529,27.8838,63.82,95,100,3.22,Rain
262,Kaitangata,NZ,-46.2817,169.8464,66.58,62,38,3.04,Clouds
263,Hofn,IS,64.2539,-15.2082,42.19,55,61,26.46,Clouds
264,Weingarten,DE,47.8,9.6333,47.37,81,100,3.44,Clouds
265,Coquimbo,CL,-29.9533,-71.3436,69.53,77,0,13.8,Clear
266,Ushtobe,KZ,45.2514,77.9838,24.01,96,100,6.87,Clouds
267,Nouakchott,MR,18.0858,-15.9785,73.33,52,47,15.41,Clouds
268,Constancia,MX,24.2231,-107.1869,81.01,32,5,9.55,Clear
269,Korsakov,RU,46.6328,142.7813,13.84,88,100,21.25,Snow
270,Lagoa,PT,39.05,-27.9833,57.13,72,54,3.33,Clouds
271,Vila Velha,BR,-20.3297,-40.2925,82.35,84,40,8.05,Clouds
272,Rocky Mountain House,CA,52.3668,-114.9188,33.91,69,100,6.91,Snow
273,Huambo,AO,-12.7761,15.7392,61.86,74,34,1.59,Clouds
274,Dryden,CA,49.7833,-92.7503,8.89,56,20,9.22,Clouds
275,Arraial Do Cabo,BR,-22.9661,-42.0278,80.56,88,0,13.8,Clear
276,Nieuw Amsterdam,SR,5.8833,-55.0833,80.76,69,20,9.22,Clouds
277,Awbari,LY,26.5921,12.7805,52.12,30,0,6.82,Clear
278,Neuquen,AR,-38.9516,-68.0591,87.69,23,0,6.91,Clear
279,Tikapur,NP,28.5,81.1333,60.31,63,6,3.53,Clear
280,Kodiak,US,57.79,-152.4072,36.91,60,0,14.97,Clear
281,Barrow,US,71.2906,-156.7887,-7.58,84,100,0.0,Snow
282,Tiznit,MA,29.5833,-9.5,59.52,46,0,4.59,Clear
283,Fairmont,US,39.4851,-80.1426,63.52,51,4,10.78,Clear
284,Ustka,PL,54.5805,16.8619,39.65,82,100,23.49,Clouds
285,Barcelos,PT,41.5388,-8.6151,61.68,72,30,4.74,Clouds
286,Tateyama,JP,34.9833,139.8667,48.09,62,93,12.97,Clouds
287,Xai-Xai,MZ,-25.0519,33.6442,77.56,91,100,6.06,Clouds
288,Sirnak,TR,37.5228,42.4594,33.87,72,19,4.72,Clouds
289,College,US,64.8569,-147.8028,7.59,83,100,0.0,Snow
290,Roald,NO,62.5833,6.1333,40.12,69,100,19.57,Snow
291,Biak,ID,-0.9131,122.8766,76.46,85,99,1.03,Clouds
292,Batangafo,CF,7.3008,18.2833,76.26,19,56,4.23,Clouds
293,Kavaratti,IN,10.5669,72.642,79.07,74,8,5.03,Clear
294,Khorixas,NA,-20.3667,14.9667,60.04,59,45,6.73,Clouds
295,Reconquista,AR,-29.15,-59.65,77.61,24,0,4.36,Clear
296,Swan Hill,AU,-35.3378,143.5544,73.18,37,0,6.53,Clear
297,Mount Gambier,AU,-37.8333,140.7667,62.33,79,3,3.58,Clear
298,Awjilah,LY,29.1081,21.2869,56.01,48,0,5.7,Clear
299,Muromtsevo,RU,56.3724,75.2418,9.48,96,98,5.46,Clouds
300,Brooks,CA,50.5834,-111.8851,39.18,52,97,4.61,Clouds
301,Sarakhs,IR,36.5449,61.1577,47.44,42,0,5.41,Clear
302,Mgandu,TZ,-5.95,34.1333,67.35,68,98,7.72,Clouds
303,Dillon,US,34.4166,-79.3712,64.38,80,100,3.38,Clouds
304,Merauke,ID,-8.4667,140.3333,78.75,85,100,4.92,Rain
305,Presidencia Roque Saenz Pena,AR,-26.7852,-60.4388,84.04,15,50,6.22,Clouds
306,The Valley,AI,18.217,-63.0578,77.83,72,59,20.33,Clouds
307,Eureka,US,40.8021,-124.1637,58.19,68,31,8.99,Clouds
308,Tessalit,ML,20.1986,1.0114,69.21,13,41,11.48,Clouds
309,Rawlins,US,41.7911,-107.2387,27.36,68,100,36.82,Clouds
310,Dzaoudzi,YT,-12.7887,45.2699,78.69,89,0,3.44,Clear
311,Killybegs,IE,54.6333,-8.45,51.66,85,100,24.11,Clouds
312,Primorsk,UA,46.7348,36.3443,37.06,93,100,12.75,Rain
313,Nazira,IN,26.9167,94.7333,71.04,56,93,2.21,Clouds
314,Tofield,CA,53.3668,-112.6686,31.26,93,100,9.1,Clouds
315,Tanout,NE,14.9709,8.8879,64.69,14,1,13.27,Clear
316,Noumea,NC,-22.2763,166.4572,84.18,99,95,12.82,Clouds
317,Jabinyanah,TN,35.035,10.9081,53.4,60,0,9.19,Clear
318,Beja,TN,36.7256,9.1817,48.85,81,32,0.96,Clouds
319,Cherepanovo,RU,54.2222,83.381,3.11,97,99,3.53,Clouds
320,Astana,KZ,51.1801,71.446,13.95,85,100,13.42,Clouds
321,Santa Vitoria Do Palmar,BR,-33.5189,-53.3681,66.27,49,100,11.39,Clouds
322,Silchar,IN,24.8167,92.8,62.31,62,1,3.47,Clear
323,Mahibadhoo,MV,3.7833,72.9667,79.95,74,18,8.05,Clouds
324,Banda Aceh,ID,5.5577,95.3222,77.13,83,99,9.8,Clouds
325,Padang,ID,-0.9492,100.3543,76.17,84,100,3.76,Clouds
326,Port Blair,IN,11.6667,92.75,75.24,88,40,2.3,Mist
327,Abadszalok,HU,47.4667,20.6,46.38,77,83,7.67,Clouds
328,Hualmay,PE,-11.0964,-77.6139,76.89,75,99,10.47,Clouds
329,Pacific Grove,US,36.6177,-121.9166,68.9,48,0,6.91,Clear
330,Rockland,US,41.1668,-74.0496,49.05,61,100,1.01,Clouds
331,Korla,CN,41.7597,86.1469,31.89,77,78,3.6,Clouds
332,Truth Or Consequences,US,33.1284,-107.2528,55.63,58,20,19.57,Clouds
333,Russell,US,32.3502,-85.1999,69.08,34,0,4.61,Clear
334,Zapadnaya Dvina,RU,56.259,32.0745,28.33,97,100,8.39,Snow
335,Yatou,CN,37.15,122.3833,31.17,46,2,14.94,Clear
336,Osoyoos,CA,49.0331,-119.4524,43.21,52,84,4.61,Clouds
337,Dakar,SN,14.6937,-17.4441,72.48,77,0,11.5,Clear
338,Whitley Bay,GB,55.0397,-1.4471,51.01,80,20,18.41,Clouds
339,Rio Gallegos,AR,-51.6226,-69.2181,55.45,33,75,26.46,Clouds
340,Weihai,CN,37.5017,122.1136,32.22,46,2,17.87,Clear
341,Mayo,US,38.8876,-76.5119,62.76,62,0,18.41,Clear
342,Ostrovnoy,RU,68.0531,39.5131,11.07,94,30,14.0,Clouds
343,Qaqortoq,GL,60.7167,-46.0333,10.65,84,100,7.14,Clouds
344,Ossora,RU,59.2353,163.0719,-8.75,89,100,4.56,Clouds
345,Vzmorye,RU,54.6961,20.2361,37.49,87,24,16.75,Clouds
346,Pisco,PE,-13.7,-76.2167,80.65,69,0,25.32,Clear
347,Ayat,KZ,52.8228,62.5164,15.3,96,100,9.57,Snow
348,Kandrian,PG,-6.2167,149.55,80.11,84,100,3.24,Rain
349,Los Llanos De Aridane,ES,28.6585,-17.9182,58.75,86,0,7.0,Clear
350,Karlstad,SE,59.3793,13.5036,25.36,68,100,3.44,Clouds
351,Sobolevo,RU,54.4299,31.8996,28.22,95,99,17.45,Snow
352,Akdepe,TM,42.0551,59.3788,30.29,65,99,9.19,Clouds
353,Povenets,RU,62.8487,34.8262,1.44,99,36,4.59,Clouds
354,Hasaki,JP,35.7333,140.8333,45.0,52,83,14.74,Clouds
355,Kaeng Khoi,TH,14.5862,100.9976,82.11,57,72,4.85,Clouds
356,Porto-Vecchio,FR,41.591,9.2795,53.26,87,20,14.97,Clouds
357,Santona,ES,43.4439,-3.4576,54.07,89,94,8.23,Clouds
358,Malyn,UA,50.7723,29.2383,31.24,75,27,14.12,Clouds
359,Unai,BR,-16.3575,-46.9061,76.62,65,100,5.73,Clouds
360,Auki,SB,-8.7676,160.7034,79.56,86,94,2.98,Clouds
361,Pierre,US,44.3683,-100.351,41.86,61,0,13.8,Clear
362,Huicheng,CN,23.0385,116.2899,57.78,85,74,7.99,Clouds
363,Hamilton,US,39.1834,-84.5333,59.63,32,0,21.85,Clear
364,Jumla,NP,29.2747,82.1838,43.72,48,65,3.74,Clouds
365,Benito Juarez,MX,19.385,-99.165,78.62,26,20,13.8,Clouds
366,Mairwa,IN,26.2333,84.15,60.08,60,3,4.18,Clear
367,Ngunguru,NZ,-35.6167,174.5,67.98,68,100,7.99,Clouds
368,Haines Junction,CA,60.7522,-137.5108,24.75,63,99,3.44,Snow
369,Avanigadda,IN,16.0215,80.9181,70.47,81,0,0.72,Clear
370,Fairbanks,US,64.8378,-147.7164,7.61,83,100,0.0,Snow
371,Bam,IR,29.106,58.357,54.93,32,94,4.12,Clouds
372,Dezhou,CN,37.4486,116.2925,33.21,44,0,11.45,Clear
373,Sanbu,CN,33.4594,119.1453,35.8,57,1,1.23,Clear
374,Manta,EC,-0.95,-80.7333,78.58,94,75,4.61,Rain
375,Aklavik,CA,68.2191,-135.0107,-1.52,92,100,2.42,Clouds
376,Elko,US,41.0002,-115.5012,37.42,85,86,8.1,Clouds
377,Envira,BR,-7.3,-70.2167,70.36,99,100,3.56,Clouds
378,Chumikan,RU,54.7183,135.315,-7.98,94,84,11.23,Clouds
379,Wilmington,US,34.2257,-77.9447,60.94,73,100,5.01,Clouds
380,Bouar,CF,5.934,15.596,69.71,23,99,5.19,Clouds
381,Batemans Bay,AU,-35.7167,150.1833,69.1,68,2,3.62,Clear
382,Fengrun,CN,39.8333,118.1167,30.45,27,0,10.67,Clear
383,Ahipara,NZ,-35.1667,173.1667,70.68,62,55,5.5,Clouds
384,Avera,US,33.194,-82.5271,67.51,59,71,5.99,Clouds
385,Port Moresby,PG,-9.4431,147.1797,76.42,94,20,3.44,Haze
386,San Luis,AR,-33.295,-66.3356,80.29,22,1,5.39,Clear
387,Tiksi,RU,71.6872,128.8694,-23.48,97,56,8.52,Clouds
388,Emba,KZ,48.8264,58.1442,32.4,98,100,15.37,Snow
389,Sayanogorsk,RU,53.0875,91.3997,13.93,94,93,4.41,Clouds
390,Baruun-Urt,MN,46.6806,113.2792,-4.65,83,3,4.76,Clear
391,Lanzhou,CN,36.0564,103.7922,28.08,82,100,0.56,Clouds
392,Rawson,AR,-43.3002,-65.1023,62.2,42,15,19.71,Clouds
393,Namatanai,PG,-3.6667,152.4333,81.64,79,96,4.52,Rain
394,Doha,QA,25.2867,51.5333,60.78,65,0,18.41,Clear
395,Anahuac,MX,27.2333,-100.15,76.75,28,57,11.81,Clouds
396,Smolenka,RU,52.1352,113.4974,-11.06,70,16,0.0,Clouds
397,Bandarbeyla,SO,9.4942,50.8122,74.82,77,35,18.66,Clouds
398,Kholodnyy,RU,62.7167,147.95,-40.59,100,97,2.04,Clouds
399,Orlik,RU,52.5178,99.825,-5.26,95,100,1.81,Clouds
400,Port Hardy,CA,50.6996,-127.4199,46.58,100,100,6.91,Mist
401,Marrakesh,MA,31.6315,-8.0083,60.87,59,19,4.61,Clouds
402,Yining,CN,29.0361,114.5636,44.08,81,0,1.83,Clear
403,Krasnoselkup,RU,65.7,82.4667,-0.51,98,100,5.66,Clouds
404,Mayor Pablo Lagerenza,PY,-19.9309,-60.7718,79.32,38,47,5.14,Clouds
405,Portland,US,45.5234,-122.6762,52.41,73,100,10.0,Clouds
406,Cherdyn,RU,60.403,56.4787,-6.97,100,95,1.86,Clouds
407,Macieira De Cambra,PT,40.8594,-8.3734,58.03,63,51,4.63,Clouds
408,Kyzyl,RU,51.7,94.45,-9.04,97,100,0.98,Clouds
409,Pandaan,ID,-7.6527,112.6875,72.9,87,93,4.52,Clouds
410,Imeni Poliny Osipenko,RU,52.4201,136.4853,-20.42,100,100,4.09,Clouds
411,Berlevag,NO,70.8578,29.0864,32.0,86,100,12.66,Snow
412,Khorinsk,RU,52.1657,109.7726,-17.01,98,33,0.72,Clouds
413,Leeds,GB,53.7964,-1.5477,48.67,74,40,23.02,Clouds
414,Fortuna,US,40.5982,-124.1573,57.92,69,0,12.66,Clear
415,Komsomolskiy,UZ,40.4272,71.7189,36.32,87,3,6.91,Mist
416,Santander Jimenez,MX,24.2167,-98.4667,83.43,39,1,21.12,Clear
417,Magadan,RU,59.5667,150.8,-16.87,81,9,7.52,Clear
418,Maniitsoq,GL,65.4167,-52.9,9.7,89,100,10.16,Snow
419,Gold Coast,AU,-28.0,153.4333,80.01,84,100,9.22,Clouds
420,Simpang,ID,-1.2667,104.0833,74.05,96,85,2.35,Rain
421,Bairiki,KI,1.3292,172.9752,80.6,89,75,9.22,Clouds
422,Necochea,AR,-38.5473,-58.7368,69.39,45,100,10.56,Clouds
423,Gushikawa,JP,26.3544,127.8686,63.63,63,75,11.5,Clouds
424,Tefe,BR,-3.3542,-64.7114,75.31,100,100,9.22,Thunderstorm
425,Sorland,NO,67.667,12.6934,37.26,75,22,12.62,Clouds
426,Coahuayana,MX,18.7333,-103.6833,89.6,35,6,7.56,Clear
427,Sao Joao Da Barra,BR,-21.6403,-41.0511,80.69,89,88,9.08,Clouds
428,Drovyanaya,RU,51.5833,113.0333,-13.16,99,15,2.15,Clouds
429,Birao,CF,10.2849,22.7882,73.56,15,100,6.62,Clouds
430,Porto Santo,PT,33.072,-16.3415,62.98,77,75,5.75,Rain
431,Myski,RU,53.709,87.8014,15.73,97,100,3.22,Clouds
432,Kalabo,ZM,-14.97,22.6814,68.5,59,61,9.24,Clouds
433,Waipawa,NZ,-41.4122,175.5153,67.32,68,1,3.74,Clear
434,Glens Falls,US,43.3095,-73.644,45.18,39,40,11.5,Clouds
435,Yarkovo,RU,57.4028,67.0786,-4.99,100,95,3.6,Clouds
436,Lakes Entrance,AU,-37.8811,147.981,64.9,76,8,3.62,Clear
437,Milkovo,RU,54.7167,158.6167,-1.86,97,100,0.13,Clouds
438,Obo,CF,5.3998,26.4869,76.86,26,84,6.17,Clouds
439,Udachnyy,RU,66.4167,112.4,-10.52,99,100,4.61,Clouds
440,Praia Da Vitoria,PT,38.7333,-27.0667,57.45,88,75,4.34,Clouds
441,Baculin,PH,7.4525,126.5842,76.37,86,95,7.45,Clouds
442,Omsukchan,RU,62.5333,155.8,-34.62,98,98,3.8,Clouds
443,Qalyub,EG,30.1792,31.2056,57.99,85,0,9.75,Clear
444,Altamira,BR,-3.2033,-52.2064,78.89,89,75,0.0,Clouds
445,Neryungri,RU,56.6709,124.6491,-20.72,99,96,3.8,Clouds
446,Batticaloa,LK,7.7102,81.6924,76.87,84,65,5.79,Clouds
447,Salo,IT,45.6086,10.531,50.32,87,95,0.92,Clouds
448,Hvolsvollur,IS,63.7533,-20.2243,36.05,85,100,27.96,Clouds
449,Linhares,BR,-19.3911,-40.0722,74.57,87,32,4.54,Clouds
450,Nome,US,64.5011,-165.4064,8.67,78,100,9.22,Clouds
451,Belaya Gora,RU,68.5333,146.4167,-49.74,99,71,3.78,Clouds
452,Hellvik,NO,59.9156,5.781,37.99,95,100,13.13,Rain
453,Ica,PE,-14.0653,-75.7308,83.66,52,74,8.63,Clouds
454,Banjar,ID,-8.19,114.9675,77.22,90,97,5.21,Clouds
455,Hotaka,JP,36.3396,137.8825,32.76,85,55,3.24,Clouds
456,Houma,US,29.5958,-90.7195,70.0,66,0,13.8,Clear
457,Ayan,RU,56.45,138.1667,-2.2,79,74,9.75,Clouds
458,Dera Ghazi Khan,PK,30.0561,70.6348,68.72,26,99,7.38,Clouds
459,Innisfail,AU,-17.5333,146.0333,77.68,81,100,5.55,Clouds
460,Bay Roberts,CA,47.5999,-53.2648,24.66,90,66,8.28,Clouds
461,Ponta Delgada,PT,37.7333,-25.6667,56.12,88,20,9.22,Clouds
462,Muisne,EC,0.6,-80.0333,78.98,84,55,8.86,Rain
463,Oistins,BB,13.0667,-59.5333,78.89,61,40,23.02,Clouds
464,Provideniya,RU,64.3833,-173.3,-1.64,71,100,20.13,Snow
465,Verkhnyaya Pyshma,RU,56.9667,60.5808,-17.16,100,98,2.68,Clouds
466,Kloulklubed,PW,7.0419,134.2556,73.9,78,90,12.06,Clouds
467,Balkanabat,TM,39.5108,54.3671,47.14,41,60,4.56,Clouds
468,Aleksandrov Gay,RU,50.147,48.5704,7.07,98,92,5.35,Clouds
469,Bemidji,US,47.4736,-94.8803,17.91,54,0,8.05,Clear
470,Novovasylivka,UA,46.8315,35.7536,37.81,93,100,11.12,Clouds
471,Olga,RU,43.7444,135.2892,7.02,83,40,8.55,Clouds
472,Vardo,NO,70.3705,31.1107,22.98,93,75,19.57,Snow
473,Asfi,MA,32.2994,-9.2372,60.06,75,67,9.42,Clouds
474,Caidian,CN,30.5833,114.0333,37.53,42,0,5.5,Clear
475,Antofagasta,CL,-23.65,-70.4,74.48,79,9,9.04,Clear
476,Shiyan,CN,32.6475,110.7781,44.35,44,98,2.04,Clouds
477,Fenelon Falls,CA,44.5334,-78.7496,41.9,73,100,13.56,Clouds
478,Laguna,US,38.421,-121.4238,66.31,39,0,1.99,Clear
479,Lhokseumawe,ID,5.1801,97.1507,75.78,82,59,3.18,Clouds
480,High Rock,BS,26.6208,-78.2833,78.82,77,14,7.65,Clouds
481,North Arlington,US,40.7884,-74.1332,52.25,67,0,14.97,Clear
482,Saint-Ambroise,CA,48.5501,-71.3324,30.51,74,100,8.05,Clouds
483,Taoudenni,ML,22.6783,-3.9836,77.04,13,82,13.31,Clouds
484,Yerbogachen,RU,61.2767,108.0108,7.05,95,100,8.48,Snow
485,Kaka,TM,37.3482,59.6143,47.97,38,0,3.74,Clear
486,Moranbah,AU,-22.0016,148.0466,73.4,77,100,13.85,Clouds
487,Mpika,ZM,-11.8343,31.4529,61.92,97,100,2.42,Rain
488,Iracoubo,GF,5.4802,-53.2011,76.35,77,98,10.58,Clouds
489,Taungdwingyi,MM,20.0167,95.55,68.92,35,0,5.01,Clear
490,Niimi,JP,34.9833,133.4667,40.55,87,43,8.03,Clouds
491,Salinas,US,36.6777,-121.6555,72.0,36,0,6.91,Clear
492,Urengoy,RU,65.9667,78.3667,-15.9,100,80,2.66,Clouds
493,Orsha,BY,54.5153,30.4053,27.7,94,100,19.62,Snow
494,Dzhebariki-Khaya,RU,62.2167,135.8,-20.65,100,100,0.4,Clouds
495,Qiongshan,CN,20.0058,110.3542,66.18,88,20,8.95,Clouds
496,Tazovskiy,RU,67.4667,78.7,-14.21,100,57,4.34,Clouds
497,Berndorf,AT,47.9457,16.1097,46.96,91,100,13.49,Rain
498,Aasiaat,GL,68.7098,-52.8699,-4.61,91,100,3.53,Clouds
499,Ejido,VE,8.5514,-71.2375,71.47,78,46,3.85,Clouds
500,Viransehir,TR,37.2353,39.7631,40.77,70,14,4.74,Clouds
501,Qasigiannguit,GL,68.8193,-51.1922,-1.95,98,100,4.27,Clouds
502,Kodinsk,RU,58.6881,99.1844,3.9,100,100,3.49,Clouds
503,Goderich,CA,43.7501,-81.7165,44.92,53,86,14.97,Clouds
504,Krasnyy Chikoy,RU,50.3643,108.7512,-14.78,99,49,2.21,Clouds
505,Acapulco,MX,16.8634,-99.8901,87.62,55,0,14.97,Smoke
506,Kashi,CN,39.4547,75.9797,38.41,70,75,2.24,Clouds
507,Kutahya,TR,39.4242,29.9833,40.55,71,3,4.79,Clear
508,Nova Gradiska,HR,45.255,17.3831,42.69,89,39,3.51,Clouds
509,Diego De Almagro,CL,-26.3667,-70.05,78.94,35,0,12.08,Clear
510,Thinadhoo,MV,0.5333,72.9333,80.8,76,47,5.61,Clouds
511,Inhambane,MZ,-23.865,35.3833,79.48,87,19,12.35,Rain
512,Morehead,US,37.2711,-87.1764,58.75,33,0,13.8,Clear
513,Mandan,US,46.8267,-100.8896,31.37,86,100,13.8,Clouds
514,Buritis,BR,-15.6178,-46.4233,81.1,46,100,7.31,Clouds
515,Vanimo,PG,-2.6741,141.3028,77.56,87,98,4.43,Rain
516,Ljungby,SE,56.8332,13.9408,37.81,80,100,13.33,Clouds
517,Paita,PE,-5.0892,-81.1144,80.31,72,70,15.97,Clouds
518,Eirunepe,BR,-6.6603,-69.8736,73.45,97,100,3.6,Clouds
519,Jalpan,MX,21.2333,-99.4833,79.86,30,3,6.35,Clear
520,Sembe,CG,1.6481,14.5806,76.37,30,95,0.54,Clouds
521,Itaqui,BR,-29.1253,-56.5531,78.55,18,100,8.84,Clouds
522,Kruisfontein,ZA,-34.0033,24.7314,66.88,76,2,7.87,Clear
523,Altamont,US,42.2068,-121.7372,53.89,41,0,1.99,Clear
524,Uyemskiy,RU,64.4743,40.8524,0.05,84,0,6.71,Clear
525,Haileybury,CA,47.449,-79.6373,36.18,92,100,13.62,Clouds
526,Kuruman,ZA,-27.4524,23.4325,77.18,30,77,3.67,Clouds
527,Kashan,IR,33.9831,51.4364,47.01,30,0,3.8,Clear
528,Tarata,BO,-17.6167,-66.0167,74.62,63,72,11.65,Clouds
529,Partsa,RU,54.3653,42.8617,17.24,94,100,9.13,Snow
530,Emerald,AU,-23.5333,148.1667,77.34,64,95,10.49,Clouds
531,Chernyshevskiy,RU,63.0128,112.4714,-6.48,99,100,5.5,Clouds
532,Pangody,RU,65.85,74.4859,-15.43,100,45,4.43,Clouds
533,Egvekinot,RU,66.3167,-179.1667,-18.96,84,69,9.42,Clouds
534,Sompeta,IN,18.9333,84.6,72.21,84,1,7.31,Clear
535,Verkhnevilyuysk,RU,63.4453,120.3167,-12.5,98,100,4.29,Clouds
536,Polunochnoye,RU,60.8697,60.4153,-10.03,100,100,2.01,Clouds
537,Yelan,RU,50.949,43.7378,29.8,96,100,9.75,Snow
538,Namtsy,RU,62.7161,129.6658,-34.69,100,95,3.24,Clouds
539,Port Shepstone,ZA,-30.7414,30.455,75.13,88,9,11.25,Clear
540,Asyut,EG,27.181,31.1837,57.38,52,0,8.77,Clear
541,Punta Cardon,VE,11.6581,-70.215,78.49,68,0,27.54,Clear
542,Lima,PE,-12.0432,-77.0282,75.45,78,40,14.97,Fog
543,Salta,AR,-24.7859,-65.4117,69.58,57,20,5.75,Clouds
544,Peniche,PT,39.3558,-9.3811,59.45,79,92,7.43,Rain
545,Sinop,TR,41.7711,34.8709,43.02,81,100,9.51,Clouds
546,Mackay,AU,-21.15,149.2,76.68,71,100,12.77,Clouds
547,Issoire,FR,45.55,3.25,45.66,89,2,1.01,Clear
548,Ondjiva,AO,-17.0667,15.7333,69.87,23,96,10.78,Clouds
549,Puerto Carreno,CO,6.189,-67.4859,93.18,40,20,9.22,Clouds
550,Requena,ES,39.4883,-1.1004,42.51,56,74,3.24,Clouds
551,Armidale,AU,-30.5167,151.65,65.73,56,77,4.45,Clouds
552,Hof,DE,50.3167,11.9167,43.45,92,75,9.22,Clouds
553,Gari,RU,59.4307,62.3497,-5.22,100,99,2.26,Clouds
554,Carmen,MX,18.6333,-91.8333,80.64,65,0,8.05,Clear
555,Hami,CN,42.8,93.45,31.42,26,100,1.66,Clouds
556,Tabuk,PH,17.4189,121.4443,71.33,97,100,13.44,Clouds
557,Lerwick,GB,60.1545,-1.1494,48.2,89,100,39.3,Clouds
558,Bousso,TD,10.4795,16.7117,77.77,15,18,8.84,Clouds
559,Hagi,JP,34.4,131.4167,42.98,58,14,16.96,Clouds
560,Labuan,MY,5.2767,115.2417,77.36,94,20,0.0,Clouds
561,Pestisani,RO,45.0667,23.0333,48.09,76,39,11.81,Clouds
562,Zalantun,CN,48.0,122.7167,-1.57,87,22,7.09,Clouds
563,Rio Branco,BR,-9.9747,-67.81,74.01,88,75,2.3,Clouds
564,Taicheng,CN,38.731,113.228,22.86,55,0,3.4,Clear
565,Salto,UY,-31.3833,-57.9667,82.56,21,0,6.91,Clear
566,Amalapuram,IN,16.5833,82.0167,68.16,88,0,1.34,Clear
567,Lincoln Park,US,42.2506,-83.1785,55.51,42,20,26.46,Clouds
568,Bignona,SN,12.8103,-16.2264,78.84,62,51,8.14,Clouds
569,Nur,PL,52.6683,22.3221,32.27,67,0,14.47,Clear
570,Bonavista,CA,48.6499,-53.1147,24.3,77,96,13.13,Clouds
571,Monrovia,LR,6.3005,-10.7969,80.37,84,5,5.82,Clear
572,Alyangula,AU,-13.8483,136.4192,82.62,76,98,3.98,Clouds
573,Mehamn,NO,71.0357,27.8492,31.95,100,100,17.27,Snow
574,Miraflores,MX,19.2167,-98.8083,77.65,20,0,8.14,Clear
575,Gravdal,NO,68.1214,13.5031,28.29,100,20,3.44,Clouds
576,Moron,AR,-34.6534,-58.6198,78.69,42,0,8.23,Clear
577,Barrhead,GB,55.7992,-4.3929,52.02,79,100,28.77,Clouds
578,Ilhabela,BR,-23.7781,-45.3581,73.33,91,100,7.99,Clouds
579,Morwell,AU,-38.2333,146.4,62.4,62,5,1.77,Clear
580,Adre,TD,13.4667,22.2,67.98,13,6,17.52,Clear
581,Honiara,SB,-9.4333,159.95,82.63,74,80,2.82,Clouds
582,Cascais,PT,38.6979,-9.4215,62.51,59,100,11.99,Clouds
583,Cabra,ES,37.4725,-4.4421,53.76,56,85,3.83,Clouds
584,Stoina,RO,44.6833,23.6333,51.17,70,60,18.99,Clouds
585,Genhe,CN,50.7833,121.5167,-21.26,100,58,3.09,Clouds
586,Wanning,CN,18.8003,110.3967,65.82,83,87,8.28,Clouds
587,Hare Bay,CA,48.8499,-54.0148,24.15,92,81,2.48,Clouds
588,Fort William,GB,56.8165,-5.1121,50.31,88,86,14.52,Clouds
589,Sawtell,AU,-30.3833,153.1,75.22,73,100,5.75,Clouds
590,Matay,EG,28.419,30.7792,55.58,66,0,17.31,Clear
591,Otorohanga,NZ,-38.1833,175.2,69.19,53,65,2.62,Clouds
592,Narsaq,GL,60.9167,-46.05,8.2,88,100,7.52,Clouds
593,Inta,RU,66.0317,60.1659,-5.3,99,87,5.57,Clouds
594,Payo,ID,-3.7508,103.6372,71.02,98,92,1.59,Clouds
595,Turuvekere,IN,13.1642,76.6667,65.39,60,1,5.73,Clear
596,Ladario,BR,-19.0047,-57.6017,82.69,47,0,8.05,Clear
597,Beloha,MG,-25.1667,45.05,76.96,79,3,3.56,Clear
598,Caceres,ES,39.522,-6.3748,51.53,74,92,5.28,Clouds
599,Caravelas,BR,-17.7125,-39.2481,77.04,84,6,5.08,Clear
600,Micheweni,TZ,-4.9667,39.8333,80.4,79,16,14.0,Clouds
601,Koulikoro,ML,14.0,-7.75,76.44,13,13,8.93,Clouds
602,Svetlogorsk,BY,52.6333,29.7333,30.36,71,24,15.21,Clouds
603,Batetskiy,RU,58.6461,30.3027,17.67,96,96,5.39,Clouds
604,Mizan Teferi,ET,6.9833,35.5833,66.78,48,10,1.77,Clear
605,Grindavik,IS,63.8424,-22.4338,39.15,81,100,41.43,Clouds
606,Pinega,RU,64.7001,43.3936,-3.77,100,69,3.89,Clouds
607,Yuanping,CN,38.7153,112.7575,23.9,63,3,2.82,Clear
608,Agen,FR,44.2,0.6333,48.29,93,0,3.44,Clear
609,Bud,US,39.447,-86.1758,57.22,40,0,15.3,Clear
610,Wukari,NG,7.85,9.7833,78.75,18,15,5.23,Clouds
611,Rocha,UY,-34.4833,-54.3333,66.24,44,66,14.34,Clouds
612,Samarai,PG,-10.6167,150.6667,82.98,72,90,5.41,Clouds
613,Balezino,RU,57.9796,53.0106,-3.53,100,80,4.92,Clouds
614,Sarangani,PH,5.4033,125.4636,80.78,77,97,8.41,Clouds
615,Saint-Georges,GD,12.0564,-61.7485,82.08,65,20,18.41,Clouds
616,Tigil,RU,57.8,158.6667,-14.82,99,96,2.17,Clouds
617,Mont-De-Marsan,FR,44.0,-0.6667,52.79,84,0,5.01,Clear
618,Farafangana,MG,-22.8167,47.8333,76.08,80,97,7.0,Clouds
619,Cockburn Town,TC,21.4612,-71.1419,76.98,63,1,20.2,Clear
620,Akonolinga,CM,3.7667,12.25,71.04,48,31,3.69,Clouds
621,Orkney,ZA,-26.9802,26.6727,67.24,72,78,7.16,Clouds
622,Narasannapeta,IN,18.4167,84.05,70.34,88,1,4.68,Clear
623,Dongsheng,CN,39.8161,109.9776,20.88,31,37,3.24,Clouds
624,Beroroha,MG,-21.6667,45.1667,77.0,80,82,2.08,Rain
625,Alanya,TR,36.5438,31.9998,54.63,71,0,3.04,Clear
626,Bida,NG,9.0833,6.0167,82.33,16,6,5.21,Clear
627,Itaguacu,BR,-19.8019,-40.8556,73.94,91,38,3.18,Clouds
628,Salalah,OM,17.0151,54.0924,72.9,31,0,18.14,Clear
629,Meulaboh,ID,4.1363,96.1285,75.38,90,98,4.65,Clouds
630,Lundazi,ZM,-12.2929,33.1782,65.34,93,100,3.71,Rain
631,Roebourne,AU,-20.7833,117.1333,87.8,52,62,9.8,Clouds
632,Portales,US,34.1862,-103.3344,63.28,46,100,13.0,Clouds
633,Lensk,RU,60.7253,114.9278,4.51,92,100,10.71,Clouds
634,Huarmey,PE,-10.0681,-78.1522,76.93,75,100,10.54,Clouds
635,Namibe,AO,-15.1961,12.1522,68.59,73,100,9.84,Clouds
636,Shenzhen,CN,22.5455,114.0683,66.27,59,94,8.43,Clouds
637,Tezu,IN,27.9167,96.1667,68.32,38,100,2.93,Clouds
638,Zapolyarnyy,RU,69.4154,30.8136,20.48,95,76,9.31,Clouds
639,Coihaique,CL,-45.5752,-72.0662,62.55,39,75,5.75,Clouds
640,Catbalogan,PH,11.85,124.9167,72.21,95,69,4.05,Clouds
641,Chapleau,CA,47.8405,-83.4034,32.09,80,100,9.22,Clouds
642,Alice Springs,AU,-23.7,133.8833,69.35,78,0,0.0,Clear
643,Orel-Izumrud,RU,43.4583,39.9244,46.42,87,100,13.42,Rain
644,Aguimes,ES,27.9054,-15.4461,59.67,82,20,8.05,Clouds
645,Great Bend,US,38.3645,-98.7648,59.04,23,0,8.05,Clear
646,Plettenberg Bay,ZA,-34.0527,23.3716,65.57,85,0,7.05,Clear
647,Atambua,ID,-9.1061,124.8925,73.17,89,93,1.61,Clouds
648,Puerto Del Rosario,ES,28.5004,-13.8627,62.35,72,15,3.44,Clouds
649,Kyren,RU,51.6828,102.1408,7.5,88,62,1.95,Clouds
650,Huanren,CN,41.2647,125.3667,14.85,57,3,5.79,Clear
651,Olinda,BR,-8.0089,-34.8553,83.93,70,75,6.91,Clouds
652,Lavumisa,SZ,-27.31,31.892,73.26,98,98,3.98,Clouds
653,Nanortalik,GL,60.1432,-45.2371,15.39,84,87,6.44,Clouds
654,Mehran,IR,33.1222,46.1646,51.17,38,0,9.98,Clear
655,Ndele,CF,8.4109,20.6473,79.21,18,96,7.45,Clouds
656,Zlobin,HR,45.2924,14.6541,42.15,92,40,2.3,Clouds
657,Waddan,LY,29.1614,16.139,54.19,54,0,7.65,Clear
658,Kambove,CD,-10.8764,26.5969,60.96,95,100,2.55,Clouds
659,Beruwala,LK,6.4788,79.9828,75.22,90,100,2.44,Clouds
660,Tautira,PF,-17.7333,-149.15,81.14,76,27,7.81,Clouds
661,Husavik,IS,66.0449,-17.3389,33.19,99,100,23.6,Snow
662,Valparaiso,CL,-33.0393,-71.6273,75.43,54,0,10.36,Clear
663,Thung Song,TH,8.1645,99.6804,71.42,95,65,2.19,Clouds
664,Rayachoti,IN,14.05,78.75,66.9,67,0,3.94,Clear
665,Aripuana,BR,-9.1667,-60.6333,76.66,95,100,1.88,Clouds
666,Tahta,EG,26.7693,31.5021,57.25,50,0,9.01,Clear
667,Heihe,CN,50.2441,127.4902,-1.61,89,90,9.35,Clouds
668,Mossoro,BR,-5.1875,-37.3442,85.95,66,75,16.11,Clouds
669,Iquique,CL,-20.2208,-70.1431,78.84,79,88,9.44,Clouds
670,Sola,VU,-13.8833,167.55,79.29,84,100,14.43,Rain
671,Gamba,GA,-2.65,10.0,78.17,89,61,6.51,Clouds
672,Boa Vista,BR,2.8197,-60.6733,85.98,51,20,12.66,Clouds
673,Koygorodok,RU,60.445,50.9968,-8.88,100,69,3.58,Clouds
674,Tooele,US,40.5308,-112.2983,43.97,46,0,4.61,Clear
675,Leshukonskoye,RU,64.8989,45.7622,-1.75,99,72,4.34,Clouds
676,Zhangye,CN,38.9342,100.4517,26.22,58,100,3.09,Clouds
677,Sakakah,SA,29.9697,40.2064,51.37,30,0,7.9,Clear
678,Sibolga,ID,1.7427,98.7792,75.25,91,100,2.75,Clouds
679,Muzhi,RU,65.3667,64.6667,-6.11,90,91,3.49,Clouds
680,Angoram,PG,-4.0625,144.0661,75.47,96,93,3.58,Clouds
681,Barra Patuca,HN,15.8,-84.2833,80.01,72,2,10.36,Clear
682,Deputatskiy,RU,69.3,139.9,-40.16,99,43,5.41,Clouds
683,Saint-Pierre,RE,-21.3393,55.4781,81.91,78,0,17.27,Clear
684,Port Keats,AU,-14.25,129.55,77.31,90,100,4.12,Clouds
685,Pauini,BR,-7.7136,-66.9764,74.73,83,100,5.57,Rain
686,Baykit,RU,61.67,96.37,-7.73,100,100,1.92,Clouds
687,Tabas,IR,33.5959,56.9244,46.62,42,0,2.3,Clear
688,Olafsvik,IS,64.8945,-23.7142,36.55,90,100,28.72,Clouds
689,San Fernando,PH,15.0286,120.6898,78.53,88,96,0.34,Clouds
690,Carutapera,BR,-1.195,-46.02,74.17,96,100,7.65,Clouds
691,Garoua,CM,9.3,13.4,77.41,16,1,4.34,Clear
